VOB;SITE;SERVIDOR;DATA_CRIACAO;ROLEMAP_VOB;DB_SCHEMA;ACL_HABILITADO;FEATURE_LEVEL;USER_OWNER;POSSUI_GRUPO_DOMAIN_USERS;MODELO_SEGURANCA
CEFLDAP;SP;CADSVAPRNT002;2009-01-27 00:00:00;DEFAULTROLEMAP;80;NO;9;S725933;;VELHO
SIABE;SP;CADSVAPRNT002;2008-03-10 00:00:00;DEFAULTROLEMAP;80;NO;9;S725933;SIM;NOVO
SIACA;SP;CADSVAPRNT002;2015-07-17 00:00:00;DEFAULTROLEMAP;80;NO;9;S725933;SIM;NOVO
SIACL;SP;CADSVAPRNT002;2008-03-10 00:00:00;DEFAULTROLEMAP;80;NO;9;S725933;SIM;VELHO
SIADT;SP;CADSVAPRNT002;2008-03-27 00:00:00;DEFAULTROLEMAP;80;NO;9;S725933;SIM;NOVO
SIAGA;SP;CADSVAPRNT002;2008-06-11 00:00:00;DEFAULTROLEMAP;80;NO;9;S725933;;VELHO
SIAGC;SP;CADSVAPRNT002;2013-09-09 00:00:00;DEFAULTROLEMAP;80;NO;9;S725933;;VELHO
SIAFG;SP;CADSVAPRNT002;2007-11-05 00:00:00;DEFAULTROLEMAP;80;NO;9;S725933;SIM;NOVO
SIAIC;SP;CADSVAPRNT002;2018-07-02 00:00:00;DEFAULTROLEMAP;80;NO;9;S725933;SIM;NOVO
SIARS;SP;CADSVAPRNT002;2015-10-28 00:00:00;DEFAULTROLEMAP;80;NO;9;S725933;;VELHO
SIAUP;SP;CADSVAPRNT002;2008-03-10 00:00:00;DEFAULTROLEMAP;80;NO;9;S725933;SIM;NOVO
SIADC;SP;CADSVAPRNT002;2008-03-27 00:00:00;DEFAULTROLEMAP;80;NO;9;S725933;SIM;NOVO
SIATS;SP;CADSVAPRNT002;2009-10-27 00:00:00;DEFAULTROLEMAP;80;NO;9;S725933;SIM;NOVO
SIBAT;SP;CADSVAPRNT002;2015-11-26 00:00:00;DEFAULTROLEMAP;80;NO;9;S725933;SIM;NOVO
SIBCE;SP;CADSVAPRNT002;2018-01-03 00:00:00;DEFAULTROLEMAP;80;NO;9;S725933;;VELHO
SIATR;SP;CADSVAPRNT002;2010-01-21 00:00:00;DEFAULTROLEMAP;80;NO;9;S725933;SIM;NOVO
SIARP;SP;CADSVAPRNT002;2008-03-10 00:00:00;DEFAULTROLEMAP;80;NO;9;S725933;SIM;NOVO
SIBIM;SP;CADSVAPRNT002;2015-11-26 00:00:00;DEFAULTROLEMAP;80;NO;9;S725933;SIM;NOVO
SIATV;SP;CADSVAPRNT002;2008-03-10 00:00:00;DEFAULTROLEMAP;80;NO;9;S725933;SIM;NOVO
SIBIO;SP;CADSVAPRNT002;2015-11-26 00:00:00;DEFAULTROLEMAP;80;NO;9;S725933;;VELHO
SIBLC;SP;CADSVAPRNT002;2017-03-31 00:00:00;DEFAULTROLEMAP;80;NO;9;S725933;;VELHO
SICAL;SP;CADSVAPRNT002;2017-08-10 00:00:00;DEFAULTROLEMAP;80;NO;9;S725933;SIM;NOVO
SICAP;SP;CADSVAPRNT002;2007-11-05 00:00:00;DEFAULTROLEMAP;80;NO;9;S725933;SIM;NOVO
SICAQ;SP;CADSVAPRNT002;2008-03-10 00:00:00;DEFAULTROLEMAP;80;NO;9;S725933;SIM;NOVO
SICAR;SP;CADSVAPRNT002;2008-01-10 00:00:00;DEFAULTROLEMAP;80;NO;9;S725933;;VELHO
SICAC;SP;CADSVAPRNT002;2008-01-08 00:00:00;DEFAULTROLEMAP;80;NO;9;S725933;SIM;NOVO
SICAS;SP;CADSVAPRNT002;2007-11-05 00:00:00;DEFAULTROLEMAP;80;NO;9;S725933;SIM;NOVO
SICCF;SP;CADSVAPRNT002;2008-01-10 00:00:00;DEFAULTROLEMAP;80;NO;9;S725933;SIM;NOVO
SICCH;SP;CADSVAPRNT002;2012-08-13 00:00:00;DEFAULTROLEMAP;80;NO;9;S725933;SIM;NOVO
SICCL;SP;CADSVAPRNT002;2012-01-26 00:00:00;DEFAULTROLEMAP;80;NO;9;S725933;SIM;NOVO
SICCO;SP;CADSVAPRNT002;2015-09-25 00:00:00;DEFAULTROLEMAP;80;NO;9;S725933;SIM;NOVO
SICDG;SP;CADSVAPRNT002;2015-06-09 00:00:00;DEFAULTROLEMAP;80;NO;9;S725933;;VELHO
SICEM;SP;CADSVAPRNT002;2019-10-31 00:00:00;DEFAULTROLEMAP;80;NO;9;S725933;SIM;NOVO
SICCV;SP;CADSVAPRNT002;2008-03-10 00:00:00;DEFAULTROLEMAP;80;NO;9;S725933;SIM;NOVO
SICES;SP;CADSVAPRNT002;2008-03-10 00:00:00;DEFAULTROLEMAP;80;NO;9;S725933;SIM;NOVO
SIADJ;SP;CADSVAPRNT002;2008-03-27 00:00:00;;54;NO;6;S725933;SIM;NOVO
SICCP;SP;CADSVAPRNT002;2008-01-10 00:00:00;DEFAULTROLEMAP;80;NO;9;S725933;SIM;NOVO
SICET;SP;CADSVAPRNT002;2008-02-12 00:00:00;DEFAULTROLEMAP;80;NO;9;S725933;SIM;NOVO
SICNR;SP;CADSVAPRNT002;2008-04-01 00:00:00;DEFAULTROLEMAP;80;NO;9;S725933;SIM;NOVO
SICOB_COB2VIA;SP;CADSVAPRNT002;2010-11-22 00:00:00;DEFAULTROLEMAP;80;NO;9;S725933;SIM;NOVO
SICOC;SP;CADSVAPRNT002;2012-03-27 00:00:00;DEFAULTROLEMAP;80;NO;9;S725933;SIM;NOVO
SICOB_SICARTORIO;SP;CADSVAPRNT002;2010-11-22 00:00:00;DEFAULTROLEMAP;80;NO;9;S725933;SIM;NOVO
SICOB_COBSINCO;SP;CADSVAPRNT002;2010-11-22 00:00:00;DEFAULTROLEMAP;80;NO;9;S725933;SIM;NOVO
SICOB_COBCAIXA;SP;CADSVAPRNT002;2010-10-15 00:00:00;DEFAULTROLEMAP;80;NO;9;S725933;SIM;NOVO
SICEX;SP;CADSVAPRNT002;2008-02-18 00:00:00;DEFAULTROLEMAP;80;NO;9;S725933;SIM;NOVO
SICOB;SP;CADSVAPRNT002;2007-11-05 00:00:00;DEFAULTROLEMAP;80;NO;9;S725933;SIM;NOVO
SICPA;SP;CADSVAPRNT002;2008-03-14 00:00:00;DEFAULTROLEMAP;80;NO;9;S725933;;VELHO
SICPJ;SP;CADSVAPRNT002;2012-02-14 00:00:00;DEFAULTROLEMAP;80;NO;9;S725933;SIM;NOVO
SICSJ;SP;CADSVAPRNT002;2014-12-05 00:00:00;DEFAULTROLEMAP;80;NO;9;S725933;;VELHO
SICTE;SP;CADSVAPRNT002;2015-10-28 00:00:00;DEFAULTROLEMAP;80;NO;9;S725933;;VELHO
SICRD;SP;CADSVAPRNT002;2014-07-11 00:00:00;DEFAULTROLEMAP;80;NO;9;S725933;SIM;NOVO
SICRA;SP;CADSVAPRNT002;2007-11-05 00:00:00;DEFAULTROLEMAP;80;NO;9;S725933;SIM;NOVO
SICXC;SP;CADSVAPRNT002;2014-11-19 00:00:00;DEFAULTROLEMAP;80;NO;9;S725933;;VELHO
SID00;SP;CADSVAPRNT002;2011-10-25 00:00:00;DEFAULTROLEMAP;80;NO;9;S725933;SIM;NOVO
SICQW;SP;CADSVAPRNT002;2009-10-27 00:00:00;DEFAULTROLEMAP;80;NO;9;S725933;;VELHO
SID01;SP;CADSVAPRNT002;2011-10-25 00:00:00;DEFAULTROLEMAP;80;NO;9;S725933;SIM;NOVO
SICUC;SP;CADSVAPRNT002;2011-06-06 00:00:00;DEFAULTROLEMAP;80;NO;9;S725933;SIM;NOVO
SID04;SP;CADSVAPRNT002;2011-10-25 00:00:00;DEFAULTROLEMAP;80;NO;9;S725933;;VELHO
SID02;SP;CADSVAPRNT002;2011-10-25 00:00:00;DEFAULTROLEMAP;80;NO;9;S725933;SIM;NOVO
SID07;SP;CADSVAPRNT002;2011-10-25 00:00:00;DEFAULTROLEMAP;80;NO;9;S725933;SIM;NOVO
SID06;SP;CADSVAPRNT002;2011-10-25 00:00:00;DEFAULTROLEMAP;80;NO;9;S725933;SIM;NOVO
SID03;SP;CADSVAPRNT002;2011-10-25 00:00:00;DEFAULTROLEMAP;80;NO;9;S725933;SIM;NOVO
SID05;SP;CADSVAPRNT002;2011-10-25 00:00:00;DEFAULTROLEMAP;80;NO;9;S725933;SIM;NOVO
SID08;SP;CADSVAPRNT002;2011-10-25 00:00:00;DEFAULTROLEMAP;80;NO;9;S725933;SIM;NOVO
SID55;SP;CADSVAPRNT002;2018-03-07 00:00:00;DEFAULTROLEMAP;80;NO;9;S725933;SIM;NOVO
SID09;SP;CADSVAPRNT002;2011-10-25 00:00:00;DEFAULTROLEMAP;80;NO;9;S725933;SIM;NOVO
SID49;SP;CADSVAPRNT002;2011-10-25 00:00:00;DEFAULTROLEMAP;80;NO;9;S725933;SIM;NOVO
SIESC;SP;CADSVAPRNT002;2018-03-05 00:00:00;DEFAULTROLEMAP;80;NO;9;S725933;;VELHO
SIDIM;SP;CADSVAPRNT002;2016-01-06 00:00:00;DEFAULTROLEMAP;80;NO;9;S725933;SIM;NOVO
SIECO;SP;CADSVAPRNT002;2018-12-12 00:00:00;DEFAULTROLEMAP;80;NO;9;S725933;SIM;NOVO
SIDOC;SP;CADSVAPRNT002;2008-01-10 00:00:00;DEFAULTROLEMAP;80;NO;9;S725933;SIM;NOVO
SIDCN;SP;CADSVAPRNT002;2016-09-22 00:00:00;DEFAULTROLEMAP;80;NO;9;S725933;SIM;NOVO
SIESP;SP;CADSVAPRNT002;2008-04-01 00:00:00;DEFAULTROLEMAP;80;NO;9;S725933;SIM;NOVO
SIEMD;SP;CADSVAPRNT002;2008-02-12 00:00:00;DEFAULTROLEMAP;80;NO;9;S725933;SIM;NOVO
SIECP;SP;CADSVAPRNT002;2008-03-10 00:00:00;DEFAULTROLEMAP;80;NO;9;S725933;SIM;NOVO
SIFIC;SP;CADSVAPRNT002;2008-01-08 00:00:00;DEFAULTROLEMAP;80;NO;9;S725933;;VELHO
SIDDA;SP;CADSVAPRNT002;2011-02-08 00:00:00;DEFAULTROLEMAP;80;NO;9;S725933;SIM;NOVO
SIGBO;SP;CADSVAPRNT002;2015-11-26 00:00:00;DEFAULTROLEMAP;80;NO;9;S725933;;VELHO
SIDEM;SP;CADSVAPRNT002;2008-02-18 00:00:00;DEFAULTROLEMAP;80;NO;9;S725933;SIM;NOVO
SIDMO;SP;CADSVAPRNT002;2012-04-05 00:00:00;DEFAULTROLEMAP;80;NO;9;S725933;;VELHO
SIFLX;SP;CADSVAPRNT002;2014-09-12 00:00:00;DEFAULTROLEMAP;80;NO;9;S725933;SIM;NOVO
SIGBK;SP;CADSVAPRNT002;2015-10-28 00:00:00;DEFAULTROLEMAP;80;NO;9;S725933;SIM;NOVO
SIEXC;SP;CADSVAPRNT002;2012-03-07 00:00:00;DEFAULTROLEMAP;80;NO;9;S725933;SIM;NOVO
SIGDB;SP;CADSVAPRNT002;2008-03-10 00:00:00;DEFAULTROLEMAP;80;NO;9;S725933;SIM;NOVO
SIFMP;SP;CADSVAPRNT002;2008-03-10 00:00:00;DEFAULTROLEMAP;80;NO;9;S725933;SIM;NOVO
SIGCB_ECOBRANÃ‡A;SP;CADSVAPRNT002;2011-08-15 00:00:00;DEFAULTROLEMAP;80;NO;9;S725933;SIM;NOVO
SIGCB;SP;CADSVAPRNT002;2007-10-11 00:00:00;;54;NO;5;S725933;SIM;NOVO
SIGDI;SP;CADSVAPRNT002;2015-08-11 00:00:00;DEFAULTROLEMAP;80;NO;9;S725933;;VELHO
SIGFA;SP;CADSVAPRNT002;2019-08-26 00:00:00;DEFAULTROLEMAP;80;NO;9;S725933;SIM;NOVO
SIGTR;SP;CADSVAPRNT002;2010-07-20 00:00:00;DEFAULTROLEMAP;80;NO;9;S725933;;VELHO
SIGDF;SP;CADSVAPRNT002;2015-07-06 00:00:00;DEFAULTROLEMAP;80;NO;9;S725933;SIM;NOVO
SIGJD;SP;CADSVAPRNT002;2018-03-19 00:00:00;DEFAULTROLEMAP;80;NO;9;S725933;;VELHO
SIGOV;SP;CADSVAPRNT002;2008-02-18 00:00:00;DEFAULTROLEMAP;80;NO;9;S725933;SIM;NOVO
SIGTA;SP;CADSVAPRNT002;2009-10-22 00:00:00;DEFAULTROLEMAP;80;NO;9;S725933;SIM;NOVO
SIGPF;SP;CADSVAPRNT002;2008-01-10 00:00:00;DEFAULTROLEMAP;80;NO;9;S725933;SIM;NOVO
SIGMS;SP;CADSVAPRNT002;2007-10-26 00:00:00;DEFAULTROLEMAP;80;NO;9;S725933;SIM;NOVO
SIIPC;SP;CADSVAPRNT002;2019-12-11 00:00:00;DEFAULTROLEMAP;80;NO;9;S725933;SIM;NOVO
SIICOSP;SP;CADSVAPRNT002;2008-04-03 00:00:00;DEFAULTROLEMAP;80;NO;9;S725933;SIM;NOVO
SIINC;SP;CADSVAPRNT002;2008-03-10 00:00:00;DEFAULTROLEMAP;80;NO;9;S725933;SIM;NOVO
SIIFE;SP;CADSVAPRNT002;2008-02-12 00:00:00;DEFAULTROLEMAP;80;NO;9;S725933;SIM;NOVO
SIINT;SP;CADSVAPRNT002;2008-01-10 00:00:00;DEFAULTROLEMAP;80;NO;9;S725933;SIM;NOVO
SIIBC;SP;CADSVAPRNT002;2007-10-01 00:00:00;DEFAULTROLEMAP;80;NO;9;S725933;SIM;NOVO
SILJI;SP;CADSVAPRNT002;2017-06-14 00:00:00;DEFAULTROLEMAP;80;NO;9;S725933;;VELHO
SILOJ;SP;CADSVAPRNT002;2008-03-10 00:00:00;DEFAULTROLEMAP;80;NO;9;S725933;;VELHO
SIJAD;SP;CADSVAPRNT002;2016-03-21 00:00:00;DEFAULTROLEMAP;80;NO;9;S725933;SIM;NOVO
SIISF;SP;CADSVAPRNT002;2018-08-22 00:00:00;DEFAULTROLEMAP;80;NO;9;S725933;SIM;NOVO
SILTC;SP;CADSVAPRNT002;2008-01-10 00:00:00;DEFAULTROLEMAP;80;NO;9;S725933;SIM;NOVO
SIJUS;SP;CADSVAPRNT002;2008-03-27 00:00:00;DEFAULTROLEMAP;80;NO;9;S725933;;VELHO
SIMAG;SP;CADSVAPRNT002;2008-04-01 00:00:00;DEFAULTROLEMAP;80;NO;9;S725933;SIM;NOVO
SIMAI;SP;CADSVAPRNT002;2015-09-25 00:00:00;DEFAULTROLEMAP;80;NO;9;S725933;SIM;NOVO
SIMFC;SP;CADSVAPRNT002;2018-06-12 00:00:00;DEFAULTROLEMAP;80;NO;9;S725933;SIM;NOVO
SIMCV;SP;CADSVAPRNT002;2008-03-14 00:00:00;DEFAULTROLEMAP;80;NO;9;S725933;SIM;NOVO
SIMPL;SP;CADSVAPRNT002;2015-05-04 00:00:00;DEFAULTROLEMAP;80;NO;9;S725933;SIM;NOVO
SIMOB;SP;CADSVAPRNT002;2013-01-22 00:00:00;DEFAULTROLEMAP;80;NO;9;S725933;;VELHO
SIMEX;SP;CADSVAPRNT002;2008-03-10 00:00:00;DEFAULTROLEMAP;80;NO;9;S725933;SIM;NOVO
SIMCA;SP;CADSVAPRNT002;2008-02-14 00:00:00;DEFAULTROLEMAP;80;NO;9;S725933;;VELHO
SIMOC;SP;CADSVAPRNT002;2010-05-25 00:00:00;DEFAULTROLEMAP;80;NO;9;S725933;SIM;NOVO
SINBC_ADMIN;SP;CADSVAPRNT002;2015-01-12 00:00:00;DEFAULTROLEMAP;80;NO;9;S725933;;VELHO
SIMTC;SP;CADSVAPRNT002;2007-11-20 00:00:00;DEFAULTROLEMAP;80;NO;9;S725933;SIM;NOVO
SINRF;SP;CADSVAPRNT002;2018-09-12 00:00:00;DEFAULTROLEMAP;80;NO;9;S725933;SIM;NOVO
SINBC;SP;CADSVAPRNT002;2014-10-20 00:00:00;DEFAULTROLEMAP;80;NO;9;S725933;SIM;NOVO
SIPCR;SP;CADSVAPRNT002;2008-01-10 00:00:00;DEFAULTROLEMAP;80;NO;9;S725933;;VELHO
SIPAE;SP;CADSVAPRNT002;2007-11-05 00:00:00;DEFAULTROLEMAP;80;NO;9;S725933;SIM;NOVO
SIPCV;SP;CADSVAPRNT002;2008-10-27 00:00:00;DEFAULTROLEMAP;80;NO;9;S725933;SIM;NOVO
SIOCR;SP;CADSVAPRNT002;2008-01-10 00:00:00;DEFAULTROLEMAP;80;NO;9;S725933;SIM;NOVO
SIPDI;SP;CADSVAPRNT002;2018-01-03 00:00:00;DEFAULTROLEMAP;80;NO;9;S725933;SIM;NOVO
SIPNC;SP;CADSVAPRNT002;2016-03-24 00:00:00;DEFAULTROLEMAP;80;NO;9;S725933;SIM;NOVO
SIPFC;SP;CADSVAPRNT002;2015-07-08 00:00:00;DEFAULTROLEMAP;80;NO;9;S725933;;VELHO
SIRDI;SP;CADSVAPRNT002;2007-11-05 00:00:00;DEFAULTROLEMAP;80;NO;9;S725933;SIM;NOVO
SIPTX;SP;CADSVAPRNT002;2011-08-23 00:00:00;DEFAULTROLEMAP;80;NO;9;S725933;SIM;NOVO
SIRFF;SP;CADSVAPRNT002;2018-09-04 00:00:00;DEFAULTROLEMAP;80;NO;9;S725933;SIM;NOVO
SIRFE;SP;CADSVAPRNT002;2007-11-05 00:00:00;DEFAULTROLEMAP;80;NO;9;S725933;SIM;NOVO
SIPOS;SP;CADSVAPRNT002;2008-02-13 00:00:00;DEFAULTROLEMAP;80;NO;9;S725933;SIM;NOVO
SIRMA;SP;CADSVAPRNT002;2008-04-01 00:00:00;DEFAULTROLEMAP;80;NO;9;S725933;SIM;NOVO
SIPER;SP;CADSVAPRNT002;2008-03-10 00:00:00;DEFAULTROLEMAP;80;NO;9;S725933;SIM;NOVO
SIROT;SP;CADSVAPRNT002;2008-03-10 00:00:00;DEFAULTROLEMAP;80;NO;9;S725933;SIM;NOVO
SISAT;SP;CADSVAPRNT002;2019-02-14 00:00:00;DEFAULTROLEMAP;80;NO;9;S725933;SIM;NOVO
SIRUC;SP;CADSVAPRNT002;2008-03-10 00:00:00;DEFAULTROLEMAP;80;NO;9;S725933;SIM;NOVO
SIPRO;SP;CADSVAPRNT002;2008-01-10 00:00:00;DEFAULTROLEMAP;80;NO;9;S725933;SIM;NOVO
SISRA;SP;CADSVAPRNT002;2008-03-10 00:00:00;DEFAULTROLEMAP;80;NO;9;S725933;SIM;NOVO
SISMB;SP;CADSVAPRNT002;2014-04-11 00:00:00;DEFAULTROLEMAP;80;NO;9;S725933;;VELHO
SISFI_CAMBIO;SP;CADSVAPRNT002;2010-08-04 00:00:00;DEFAULTROLEMAP;80;NO;9;S725933;SIM;NOVO
SIROTCON;SP;CADSVAPRNT002;2009-01-27 00:00:00;DEFAULTROLEMAP;80;NO;9;S725933;;VELHO
SISIB;SP;CADSVAPRNT002;2008-01-10 00:00:00;DEFAULTROLEMAP;80;NO;9;S725933;SIM;NOVO
SITAE;SP;CADSVAPRNT002;2008-03-10 00:00:00;DEFAULTROLEMAP;80;NO;9;S725933;SIM;NOVO
SITLO;SP;CADSVAPRNT002;2008-03-10 00:00:00;DEFAULTROLEMAP;80;NO;9;S725933;SIM;NOVO
SITEX;SP;CADSVAPRNT002;2008-02-12 00:00:00;DEFAULTROLEMAP;80;NO;9;S725933;SIM;NOVO
SITEF;SP;CADSVAPRNT002;2008-01-10 00:00:00;DEFAULTROLEMAP;80;NO;9;S725933;SIM;NOVO
SITAX;SP;CADSVAPRNT002;2008-03-10 00:00:00;DEFAULTROLEMAP;80;NO;9;S725933;SIM;NOVO
SITRC;SP;CADSVAPRNT002;2008-02-12 00:00:00;DEFAULTROLEMAP;80;NO;9;S725933;SIM;NOVO
SIVIC;SP;CADSVAPRNT002;2012-08-14 00:00:00;DEFAULTROLEMAP;80;NO;9;S725933;SIM;NOVO
SIVPF;SP;CADSVAPRNT002;2008-03-10 00:00:00;DEFAULTROLEMAP;80;NO;9;S725933;SIM;NOVO
SIUNI;SP;CADSVAPRNT002;2008-02-18 00:00:00;DEFAULTROLEMAP;80;NO;9;S725933;SIM;NOVO
SIVAT;SP;CADSVAPRNT002;2008-02-12 00:00:00;DEFAULTROLEMAP;80;NO;9;S725933;SIM;NOVO
SIVBA;SP;CADSVAPRNT002;2008-06-11 00:00:00;DEFAULTROLEMAP;80;NO;9;S725933;SIM;NOVO
SISFI;SP;CADSVAPRNT002;2007-10-11 00:00:00;;54;NO;5;S725933;SIM;NOVO
SIWIN_MULTI;SP;CADSVAPRNT002;2012-07-31 00:00:00;DEFAULTROLEMAP;80;NO;9;S725933;;VELHO
SICAP_CAPCAIXA;SP;CADSVAPRNT002;2010-11-22 00:00:00;DEFAULTROLEMAP;80;NO;9;S725933;SIM;NOVO
SISSO;SP;CADSVAPRNT002;2015-03-24 00:00:00;DEFAULTROLEMAP;80;NO;9;S725933;;VELHO
SIGOV_WEB;SP;CADSVAPRNT002;2012-05-28 00:00:00;DEFAULTROLEMAP;80;NO;9;S725933;SIM;NOVO
SIABM;SP;CADSVAPRNT002;2013-07-25 00:00:00;DEFAULTROLEMAP;80;NO;9;S725933;SIM;NOVO
SICQL;SP;CADSVAPRNT002;2011-02-08 00:00:00;DEFAULTROLEMAP;80;NO;9;S725933;SIM;NOVO
SINAC;SP;CADSVAPRNT002;2012-01-17 00:00:00;DEFAULTROLEMAP;80;NO;9;S725933;SIM;NOVO
SIAMI;SP;CADSVAPRNT002;2014-04-11 00:00:00;DEFAULTROLEMAP;80;NO;9;S725933;;VELHO
SIAUT;SP;CADSVAPRNT002;2008-02-18 00:00:00;DEFAULTROLEMAP;80;NO;9;S725933;SIM;NOVO
SITCS;SP;CADSVAPRNT002;2008-03-10 00:00:00;DEFAULTROLEMAP;80;NO;9;S725933;SIM;NOVO
SIBCX_NOVO;SP;CADSVAPRNT002;2015-05-14 00:00:00;DEFAULTROLEMAP;80;NO;9;S725933;SIM;NOVO
SINAU;SP;CADSVAPRNT002;2008-03-10 00:00:00;DEFAULTROLEMAP;80;NO;9;S725933;SIM;NOVO
SIMTX;SP;CADSVAPRNT002;2015-05-04 00:00:00;DEFAULTROLEMAP;80;NO;9;S725933;SIM;NOVO
SIPAN;SP;CADSVAPRNT002;2010-07-08 00:00:00;DEFAULTROLEMAP;80;NO;9;S725933;SIM;NOVO
SIMAA;SP;CADSVAPRNT002;2007-10-11 00:00:00;DEFAULTROLEMAP;80;NO;9;S725933;SIM;NOVO
SITEC;SP;CADSVAPRNT002;2012-03-02 00:00:00;DEFAULTROLEMAP;80;NO;9;S725933;SIM;NOVO
SIGAT;SP;CADSVAPRNT002;2008-02-13 00:00:00;DEFAULTROLEMAP;80;NO;9;S725933;SIM;NOVO
SITAG;SP;CADSVAPRNT002;2008-04-01 00:00:00;DEFAULTROLEMAP;80;NO;9;S725933;SIM;NOVO
SIGDA;SP;CADSVAPRNT002;2008-01-22 00:00:00;DEFAULTROLEMAP;80;NO;9;S725933;SIM;NOVO
SIGSJ;SP;CADSVAPRNT002;2008-03-27 00:00:00;DEFAULTROLEMAP;80;NO;9;S725933;SIM;NOVO
SEG_ARQUITETURA;SP;CADSVAPRNT002;2015-11-25 00:00:00;DEFAULTROLEMAP;80;NO;9;S725933;;VELHO
AC_EPROJ_SP;SP;CADSVAPRNT002;2014-08-11 00:00:00;DEFAULTROLEMAP;80;NO;9;S725933;;VELHO
CON_PEDEP_SP;SP;CADSVAPRNT002;2011-11-02 00:00:00;DEFAULTROLEMAP;80;NO;9;S725933;SIM;NOVO
INCIDENTES_SP;SP;CADSVAPRNT002;2010-11-05 00:00:00;DEFAULTROLEMAP;80;NO;9;S725933;;VELHO
SEG_B2B;SP;CADSVAPRNT002;2017-11-14 00:00:00;DEFAULTROLEMAP;80;NO;9;S725933;;VELHO
SEG_MOBILIDADE;SP;CADSVAPRNT002;2017-02-17 00:00:00;DEFAULTROLEMAP;80;NO;9;S725933;;VELHO
SEG_BAR;SP;CADSVAPRNT002;2015-07-13 00:00:00;;54;NO;5;S725933;SIM;VELHO
QUALIDADE_SP;SP;CADSVAPRNT002;2008-02-13 00:00:00;DEFAULTROLEMAP;80;NO;9;S725933;;VELHO
SEG_TESTE;SP;CADSVAPRNT002;2014-03-20 00:00:00;DEFAULTROLEMAP;80;NO;9;S725933;;VELHO
SIAME;SP;CADSVAPRNT002;2014-04-11 00:00:00;DEFAULTROLEMAP;80;NO;9;S725933;SIM;NOVO
SISAG;SP;CADSVAPRNT002;2008-09-05 00:00:00;DEFAULTROLEMAP;80;NO;9;S725933;SIM;NOVO
SIB24;SP;CADSVAPRNT002;2008-01-10 00:00:00;DEFAULTROLEMAP;80;NO;9;S725933;SIM;NOVO
AC_ESPEC_SP;SP;CADSVAPRNT002;2013-04-10 00:00:00;DEFAULTROLEMAP;80;NO;9;S725933;;VELHO
AC_BAM;SP;CADSVAPRNT002;2014-12-22 00:00:00;DEFAULTROLEMAP;80;NO;9;S725933;;VELHO
SIRANVAL;SP;CADSVAPRNT002;2008-03-10 00:00:00;DEFAULTROLEMAP;80;NO;9;S725933;SIM;NOVO
SIGAP;SP;CADSVAPRNT002;2012-08-15 00:00:00;DEFAULTROLEMAP;80;NO;9;S725933;SIM;NOVO
SITIF;SP;CADSVAPRNT002;2008-04-01 00:00:00;DEFAULTROLEMAP;80;NO;9;S725933;SIM;NOVO
SIRANCRI;SP;CADSVAPRNT002;2008-03-10 00:00:00;DEFAULTROLEMAP;80;NO;9;S725933;SIM;NOVO
SITDF;SP;CADSVAPRNT002;2010-04-29 00:00:00;DEFAULTROLEMAP;80;NO;9;S725933;SIM;NOVO
GESTAO_CONTRATOS_SP;SP;CADSVAPRNT002;;DEFAULTROLEMAP;80;NO;9;S725933;;VELHO
SIGIA;SP;CADSVAPRNT002;;DEFAULTROLEMAP;80;NO;9;S725933;SIM;NOVO
SIBAM;SP;CADSVAPRNT002;2015-11-26 00:00:00;DEFAULTROLEMAP;80;NO;9;S725933;;VELHO
ADB;BR;CBRSVAPRNT005;2009-02-04 00:00:00;DEFAULTROLEMAP;80;NO;9;S725925;SIM;VELHO
ADI;BR;CBRSVAPRNT005;2008-07-08 00:00:00;DEFAULTROLEMAP;80;NO;9;S725925;SIM;VELHO
SIGAI;SP;CADSVAPRNT002;;DEFAULTROLEMAP;80;NO;9;S725933;SIM;NOVO
SICEA;SP;CADSVAPRNT002;2010-04-29 00:00:00;DEFAULTROLEMAP;80;NO;9;S725933;SIM;NOVO
SICTD;SP;CADSVAPRNT002;2013-07-26 00:00:00;DEFAULTROLEMAP;80;NO;9;S725933;SIM;NOVO
SIPJE;SP;CADSVAPRNT002;2017-03-24 00:00:00;DEFAULTROLEMAP;80;NO;9;S725933;;VELHO
SIGAL;SP;CADSVAPRNT002;2010-02-08 00:00:00;DEFAULTROLEMAP;80;NO;9;S725933;SIM;NOVO
SIGCX;SP;CADSVAPRNT002;;DEFAULTROLEMAP;80;NO;9;S725933;SIM;NOVO
SIAGT;SP;CADSVAPRNT002;2008-02-18 00:00:00;DEFAULTROLEMAP;80;NO;9;S725933;SIM;NOVO
SITCH;SP;CADSVAPRNT002;;DEFAULTROLEMAP;80;NO;9;S725933;SIM;NOVO
PEDEP;BR;CBRSVAPRNT005;2006-12-19 00:00:00;;80;NO;6;S725925;SIM;NOVO
SIAAD;BR;CBRSVAPRNT005;2007-09-04 00:00:00;DEFAULTROLEMAP;80;NO;9;S725925;SIM;NOVO
SIAAF;BR;CBRSVAPRNT005;;DEFAULTROLEMAP;80;NO;9;S725925;SIM;NOVO
SIACC;BR;CBRSVAPRNT005;2008-02-12 00:00:00;DEFAULTROLEMAP;80;NO;9;S725925;SIM;NOVO
SIACH;BR;CBRSVAPRNT005;2015-04-06 00:00:00;DEFAULTROLEMAP;80;NO;9;S725925;SIM;NOVO
SIACM;BR;CBRSVAPRNT005;2017-02-09 00:00:00;DEFAULTROLEMAP;80;NO;9;S725925;SIM;NOVO
SIACT;BR;CBRSVAPRNT005;2006-11-10 00:00:00;DEFAULTROLEMAP;80;NO;9;S725925;SIM;NOVO
SIAEC;BR;CBRSVAPRNT005;2009-08-26 00:00:00;DEFAULTROLEMAP;80;NO;9;S725925;SIM;NOVO
SIAEF;BR;CBRSVAPRNT005;2006-11-10 00:00:00;DEFAULTROLEMAP;80;NO;9;S725925;SIM;NOVO
SIAEI;BR;CBRSVAPRNT005;2006-11-29 00:00:00;DEFAULTROLEMAP;80;NO;9;S725925;SIM;VELHO
SIAFC;BR;CBRSVAPRNT005;2006-11-10 00:00:00;DEFAULTROLEMAP;80;NO;9;S725925;SIM;VELHO
SIALM;BR;CBRSVAPRNT005;2011-07-11 00:00:00;DEFAULTROLEMAP;80;NO;9;S725925;SIM;VELHO
SIALR;BR;CBRSVAPRNT005;;;80;NO;6;S725925;SIM;NOVO
SIAME_APHAB;BR;CBRSVAPRNT005;2019-02-18 00:00:00;DEFAULTROLEMAP;80;NO;9;S725925;SIM;NOVO
SIAMF;BR;CBRSVAPRNT005;2014-03-25 00:00:00;DEFAULTROLEMAP;80;NO;9;S725925;SIM;NOVO
SIAMF_APAGV;BR;CBRSVAPRNT005;;DEFAULTROLEMAP;80;NO;9;S725925;SIM;VELHO
SIAPC;BR;CBRSVAPRNT005;2006-11-29 00:00:00;DEFAULTROLEMAP;80;NO;9;S725925;SIM;NOVO
SIAPD;BR;CBRSVAPRNT005;;DEFAULTROLEMAP;80;NO;9;S725925;SIM;NOVO
SIAPI;BR;CBRSVAPRNT005;2006-11-30 00:00:00;DEFAULTROLEMAP;80;NO;9;S725925;SIM;NOVO
SIAPP;BR;CBRSVAPRNT005;2011-02-16 00:00:00;DEFAULTROLEMAP;80;NO;9;S725925;SIM;NOVO
SIAPX;BR;CBRSVAPRNT005;2010-03-22 00:00:00;DEFAULTROLEMAP;80;NO;9;S725925;SIM;NOVO
SIARA;BR;CBRSVAPRNT005;2006-11-30 00:00:00;DEFAULTROLEMAP;80;NO;9;S725925;SIM;NOVO
SIARC;BR;CBRSVAPRNT005;2008-12-08 00:00:00;DEFAULTROLEMAP;80;NO;9;S725925;SIM;NOVO
SIARH;BR;CBRSVAPRNT005;2016-05-09 00:00:00;DEFAULTROLEMAP;80;NO;9;S725925;SIM;NOVO
SIART;BR;CBRSVAPRNT005;2006-11-30 00:00:00;DEFAULTROLEMAP;80;NO;9;S725925;SIM;NOVO
SIATC;BR;CBRSVAPRNT005;2016-12-05 00:00:00;DEFAULTROLEMAP;80;NO;9;S725925;SIM;NOVO
SIATD;BR;CBRSVAPRNT005;2013-12-05 00:00:00;DEFAULTROLEMAP;80;NO;9;S725925;SIM;NOVO
SIATM;BR;CBRSVAPRNT005;2006-11-30 00:00:00;DEFAULTROLEMAP;80;NO;9;S725925;SIM;NOVO
SIATX;BR;CBRSVAPRNT005;2006-11-30 00:00:00;DEFAULTROLEMAP;80;NO;9;S725925;SIM;NOVO
SIAUD;BR;CBRSVAPRNT005;2007-09-17 00:00:00;;80;NO;5;S725925;SIM;NOVO
SIAVL;BR;CBRSVAPRNT005;2016-08-18 00:00:00;DEFAULTROLEMAP;80;NO;9;S725925;SIM;NOVO
SIBAN;BR;CBRSVAPRNT005;2008-01-23 00:00:00;DEFAULTROLEMAP;80;NO;9;S725925;SIM;NOVO
SIBBR;BR;CBRSVAPRNT005;2016-03-07 00:00:00;DEFAULTROLEMAP;80;NO;9;S725925;SIM;NOVO
SIBLO;BR;CBRSVAPRNT005;;DEFAULTROLEMAP;80;NO;9;S725925;SIM;NOVO
SIBOT;BR;CBRSVAPRNT005;2018-08-02 00:00:00;DEFAULTROLEMAP;80;NO;9;S725925;SIM;NOVO
SIBSA;BR;CBRSVAPRNT005;;;80;NO;6;S725925;SIM;NOVO
SIBUC;BR;CBRSVAPRNT005;2015-05-20 00:00:00;DEFAULTROLEMAP;80;NO;9;S725925;SIM;NOVO
SICAD;BR;CBRSVAPRNT005;;DEFAULTROLEMAP;80;NO;9;S725925;SIM;NOVO
SICAT;BR;CBRSVAPRNT005;2012-04-27 00:00:00;DEFAULTROLEMAP;80;NO;9;S725925;SIM;NOVO
SICBA;BR;CBRSVAPRNT005;2014-05-29 00:00:00;DEFAULTROLEMAP;80;NO;9;S725925;SIM;NOVO
SICCD;BR;CBRSVAPRNT005;;;80;NO;6;S725925;SIM;VELHO
SICCR;BR;CBRSVAPRNT005;2015-03-03 00:00:00;DEFAULTROLEMAP;80;NO;9;S725925;SIM;NOVO
SICDC;BR;CBRSVAPRNT005;2008-02-13 00:00:00;DEFAULTROLEMAP;80;NO;9;S725925;SIM;NOVO
SICDT;BR;CBRSVAPRNT005;2015-08-03 00:00:00;DEFAULTROLEMAP;80;NO;9;S725925;SIM;NOVO
SICEF;BR;CBRSVAPRNT005;2008-08-14 00:00:00;DEFAULTROLEMAP;80;NO;9;S725925;SIM;NOVO
SICER;BR;CBRSVAPRNT005;2012-04-16 00:00:00;DEFAULTROLEMAP;80;NO;9;S725925;SIM;NOVO
SICHA;BR;CBRSVAPRNT005;;DEFAULTROLEMAP;80;NO;9;S725925;SIM;VELHO
SICML;BR;CBRSVAPRNT005;;DEFAULTROLEMAP;80;NO;9;S725925;SIM;NOVO
SICOF;BR;CBRSVAPRNT005;2006-11-30 00:00:00;DEFAULTROLEMAP;80;NO;9;S725925;SIM;NOVO
SICOV;BR;CBRSVAPRNT005;2008-02-12 00:00:00;DEFAULTROLEMAP;80;NO;9;S725925;SIM;NOVO
SICPT;BR;CBRSVAPRNT005;;;80;NO;6;S725925;SIM;NOVO
SICRE;BR;CBRSVAPRNT005;2006-11-30 00:00:00;DEFAULTROLEMAP;80;NO;9;S725925;SIM;NOVO
SICRI;BR;CBRSVAPRNT005;2008-12-09 00:00:00;DEFAULTROLEMAP;80;NO;9;S725925;SIM;NOVO
SICRS;BR;CBRSVAPRNT005;2006-11-30 00:00:00;DEFAULTROLEMAP;80;NO;9;S725925;SIM;NOVO
SICSU;BR;CBRSVAPRNT005;;;80;NO;6;S725925;SIM;NOVO
SICTB;BR;CBRSVAPRNT005;2006-11-30 00:00:00;DEFAULTROLEMAP;80;NO;9;S725925;SIM;NOVO
SIDBM;BR;CBRSVAPRNT005;2006-11-30 00:00:00;DEFAULTROLEMAP;80;NO;9;S725925;SIM;NOVO
SIDEC;BR;CBRSVAPRNT005;2006-11-30 00:00:00;DEFAULTROLEMAP;80;NO;9;S725925;SIM;NOVO
SIDEO;BR;CBRSVAPRNT005;2007-02-09 00:00:00;DEFAULTROLEMAP;80;NO;9;S725925;SIM;NOVO
SIDIS;BR;CBRSVAPRNT005;;DEFAULTROLEMAP;80;NO;9;S725925;SIM;NOVO
SIDMF;BR;CBRSVAPRNT005;2006-11-30 00:00:00;DEFAULTROLEMAP;80;NO;9;S725925;SIM;NOVO
SIDON;BR;CBRSVAPRNT005;2006-11-30 00:00:00;DEFAULTROLEMAP;80;NO;9;S725925;SIM;NOVO
SIDOU;BR;CBRSVAPRNT005;;DEFAULTROLEMAP;80;NO;9;S725925;SIM;NOVO
SIECM;BR;CBRSVAPRNT005;2017-07-07 00:00:00;DEFAULTROLEMAP;80;NO;9;S725925;SIM;NOVO
SIEDD;BR;CBRSVAPRNT005;;;80;NO;6;S725925;SIM;NOVO
SIEDE;BR;CBRSVAPRNT005;2012-05-21 00:00:00;DEFAULTROLEMAP;80;NO;9;S725925;SIM;NOVO
SIEFI;BR;CBRSVAPRNT005;2015-11-26 00:00:00;DEFAULTROLEMAP;80;NO;9;S725925;SIM;NOVO
SIEMP;BR;CBRSVAPRNT005;2007-05-03 00:00:00;DEFAULTROLEMAP;80;NO;9;S725925;SIM;NOVO
SIEMP_ADM;BR;CBRSVAPRNT005;2009-08-05 00:00:00;DEFAULTROLEMAP;80;NO;9;S725925;SIM;NOVO
SIEMP_CON;BR;CBRSVAPRNT005;2008-04-03 00:00:00;DEFAULTROLEMAP;80;NO;9;S725925;SIM;NOVO
SIEMP_MIG;BR;CBRSVAPRNT005;2010-07-08 00:00:00;DEFAULTROLEMAP;80;NO;9;S725925;SIM;NOVO
SIEMP_PRE;BR;CBRSVAPRNT005;2008-04-03 00:00:00;DEFAULTROLEMAP;80;NO;9;S725925;SIM;NOVO
SIEMP_PUN;BR;CBRSVAPRNT005;2008-09-21 00:00:00;DEFAULTROLEMAP;80;NO;9;S725925;SIM;NOVO
SIEMP_REC;BR;CBRSVAPRNT005;2008-09-21 00:00:00;DEFAULTROLEMAP;80;NO;9;S725925;SIM;NOVO
SIEMP_REN;BR;CBRSVAPRNT005;2008-04-03 00:00:00;DEFAULTROLEMAP;80;NO;9;S725925;SIM;NOVO
SIEPA;BR;CBRSVAPRNT005;2013-01-10 00:00:00;DEFAULTROLEMAP;80;NO;9;S725925;SIM;NOVO
SIERE;BR;CBRSVAPRNT005;2007-08-23 00:00:00;DEFAULTROLEMAP;80;NO;9;S725925;SIM;NOVO
SIFBN;BR;CBRSVAPRNT005;2013-10-22 00:00:00;DEFAULTROLEMAP;80;NO;9;S725925;SIM;NOVO
SIFDL;BR;CBRSVAPRNT005;2012-06-04 00:00:00;DEFAULTROLEMAP;80;NO;9;S725925;SIM;NOVO
SIFEC;BR;CBRSVAPRNT005;2013-03-19 00:00:00;DEFAULTROLEMAP;80;NO;9;S725925;SIM;NOVO
SIFES;BR;CBRSVAPRNT005;2017-10-13 00:00:00;DEFAULTROLEMAP;80;NO;9;S725925;SIM;NOVO
SIFES_REL;BR;CBRSVAPRNT005;2017-10-23 00:00:00;DEFAULTROLEMAP;80;NO;9;S725925;SIM;NOVO
SIFFP;BR;CBRSVAPRNT005;2006-11-10 00:00:00;DEFAULTROLEMAP;80;NO;9;S725925;SIM;VELHO
SIFGM;BR;CBRSVAPRNT005;2017-02-13 00:00:00;;80;NO;6;S725925;SIM;NOVO
SIFIX;BR;CBRSVAPRNT005;2006-11-30 00:00:00;DEFAULTROLEMAP;80;NO;9;S725925;SIM;NOVO
SIFOB;BR;CBRSVAPRNT005;2006-11-30 00:00:00;DEFAULTROLEMAP;80;NO;9;S725925;SIM;NOVO
SIFWC;BR;CBRSVAPRNT005;2012-08-06 00:00:00;DEFAULTROLEMAP;80;NO;9;S725925;SIM;NOVO
SIGAC;BR;CBRSVAPRNT005;2006-11-30 00:00:00;DEFAULTROLEMAP;80;NO;9;S725925;SIM;NOVO
SIGAD;BR;CBRSVAPRNT005;2006-11-30 00:00:00;DEFAULTROLEMAP;80;NO;9;S725925;SIM;NOVO
SIGAD_WEB;BR;CBRSVAPRNT005;2007-12-26 00:00:00;DEFAULTROLEMAP;80;NO;9;S725925;SIM;NOVO
SIGBD;BR;CBRSVAPRNT005;2014-12-09 00:00:00;DEFAULTROLEMAP;80;NO;9;S725925;SIM;NOVO
SIGCH;BR;CBRSVAPRNT005;2015-03-10 00:00:00;DEFAULTROLEMAP;80;NO;9;S725925;SIM;NOVO
SIGCP;BR;CBRSVAPRNT005;2008-09-02 00:00:00;DEFAULTROLEMAP;80;NO;9;S725925;SIM;NOVO
SIGCR;BR;CBRSVAPRNT005;2009-04-24 00:00:00;DEFAULTROLEMAP;80;NO;9;S725925;SIM;NOVO
SIGCS;BR;CBRSVAPRNT005;2011-08-15 00:00:00;DEFAULTROLEMAP;80;NO;9;S725925;SIM;NOVO
SIGDR;BR;CBRSVAPRNT005;2016-07-21 00:00:00;DEFAULTROLEMAP;80;NO;9;S725925;SIM;NOVO
SIGEC;BR;CBRSVAPRNT005;2008-12-09 00:00:00;DEFAULTROLEMAP;80;NO;9;S725925;SIM;NOVO
SIGEC_COM;BR;CBRSVAPRNT005;;;80;NO;6;S725925;SIM;NOVO
SIGEC_CSC;BR;CBRSVAPRNT005;;DEFAULTROLEMAP;80;NO;9;S725925;SIM;NOVO
SIGEC_POR;BR;CBRSVAPRNT005;;DEFAULTROLEMAP;80;NO;9;S725925;SIM;NOVO
SIGER;BR;CBRSVAPRNT005;2016-07-21 00:00:00;DEFAULTROLEMAP;80;NO;9;S725925;SIM;NOVO
SIGFI;BR;CBRSVAPRNT005;2006-11-30 00:00:00;DEFAULTROLEMAP;80;NO;9;S725925;SIM;NOVO
SIGHB;BR;CBRSVAPRNT005;2015-12-04 00:00:00;DEFAULTROLEMAP;80;NO;9;S725925;SIM;NOVO
SIGID;BR;CBRSVAPRNT005;2015-07-28 00:00:00;DEFAULTROLEMAP;80;NO;9;S725925;SIM;NOVO
SIGIN;BR;CBRSVAPRNT005;2008-02-12 00:00:00;DEFAULTROLEMAP;80;NO;9;S725925;SIM;VELHO
SIGIP;BR;CBRSVAPRNT005;2006-11-30 00:00:00;DEFAULTROLEMAP;80;NO;9;S725925;SIM;NOVO
SIGLO;BR;CBRSVAPRNT005;2006-11-30 00:00:00;DEFAULTROLEMAP;80;NO;9;S725925;SIM;VELHO
SIGMC;BR;CBRSVAPRNT005;2008-03-10 00:00:00;;80;NO;6;S725925;SIM;NOVO
SIGOT;BR;CBRSVAPRNT005;;DEFAULTROLEMAP;80;NO;9;S725925;SIM;NOVO
SIGPB;BR;CBRSVAPRNT005;2006-11-30 00:00:00;DEFAULTROLEMAP;80;NO;9;S725925;SIM;NOVO
SIGPD;BR;CBRSVAPRNT005;;DEFAULTROLEMAP;80;NO;9;S725925;SIM;NOVO
SIGPL;BR;CBRSVAPRNT005;;;80;NO;6;S725925;SIM;NOVO
SIGPN;BR;CBRSVAPRNT005;2018-06-18 00:00:00;DEFAULTROLEMAP;80;NO;9;S725925;SIM;NOVO
SIGRC;BR;CBRSVAPRNT005;2010-03-04 00:00:00;DEFAULTROLEMAP;80;NO;9;S725925;SIM;NOVO
SIGRR;BR;CBRSVAPRNT005;2009-04-20 00:00:00;DEFAULTROLEMAP;80;NO;9;S725925;SIM;NOVO
SIGTC;BR;CBRSVAPRNT005;2012-03-22 00:00:00;DEFAULTROLEMAP;80;NO;9;S725925;SIM;NOVO
SIGTD;BR;CBRSVAPRNT005;2014-12-01 00:00:00;DEFAULTROLEMAP;80;NO;9;S725925;SIM;NOVO
SIGTI;BR;CBRSVAPRNT005;2008-11-20 00:00:00;DEFAULTROLEMAP;80;NO;9;S725925;SIM;NOVO
SIICX;BR;CBRSVAPRNT005;2017-01-04 00:00:00;DEFAULTROLEMAP;80;NO;9;S725925;SIM;NOVO
SIIFX;BR;CBRSVAPRNT005;;DEFAULTROLEMAP;80;NO;9;S725925;SIM;NOVO
SIIGA;BR;CBRSVAPRNT005;2017-09-11 00:00:00;DEFAULTROLEMAP;80;NO;9;S725925;SIM;NOVO
SIINA;BR;CBRSVAPRNT005;2013-04-09 00:00:00;DEFAULTROLEMAP;80;NO;9;S725925;SIM;NOVO
SIINF;BR;CBRSVAPRNT005;2006-11-10 00:00:00;DEFAULTROLEMAP;80;NO;9;S725925;SIM;NOVO
SIIPO;BR;CBRSVAPRNT005;;DEFAULTROLEMAP;80;NO;9;S725925;SIM;NOVO
SIJUR_LEG;BR;CBRSVAPRNT005;2008-02-27 00:00:00;DEFAULTROLEMAP;80;NO;9;S725925;SIM;NOVO
SILCR;BR;CBRSVAPRNT005;2016-02-24 00:00:00;DEFAULTROLEMAP;80;NO;9;S725925;SIM;NOVO
SILDC;BR;CBRSVAPRNT005;2017-10-27 00:00:00;DEFAULTROLEMAP;80;NO;9;S725925;SIM;NOVO
SILDG;BR;CBRSVAPRNT005;2018-07-10 00:00:00;DEFAULTROLEMAP;80;NO;9;S725925;SIM;VELHO
SIMCD;BR;CBRSVAPRNT005;2017-05-31 00:00:00;DEFAULTROLEMAP;80;NO;9;S725925;SIM;VELHO
SIMCN;BR;CBRSVAPRNT005;2007-02-21 00:00:00;DEFAULTROLEMAP;80;NO;9;S725925;SIM;NOVO
SIMCR;BR;CBRSVAPRNT005;2014-07-21 00:00:00;DEFAULTROLEMAP;80;NO;9;S725925;SIM;NOVO
SIMIC;BR;CBRSVAPRNT005;2006-11-10 00:00:00;DEFAULTROLEMAP;80;NO;9;S725925;SIM;NOVO
SIMOV;BR;CBRSVAPRNT005;2006-11-10 00:00:00;DEFAULTROLEMAP;80;NO;9;S725925;SIM;NOVO
SIMPH;BR;CBRSVAPRNT005;2017-11-03 00:00:00;DEFAULTROLEMAP;80;NO;9;S725925;SIM;VELHO
SIMPI;BR;CBRSVAPRNT005;;DEFAULTROLEMAP;80;NO;9;S725925;SIM;NOVO
SINAD;BR;CBRSVAPRNT005;2006-11-30 00:00:00;DEFAULTROLEMAP;80;NO;9;S725925;SIM;NOVO
SINAF_PCU;BR;CBRSVAPRNT005;2007-05-18 00:00:00;DEFAULTROLEMAP;80;NO;9;S725925;SIM;NOVO
SINAF_WEB;BR;CBRSVAPRNT005;2007-05-18 00:00:00;DEFAULTROLEMAP;80;NO;9;S725925;SIM;NOVO
SINAT;BR;CBRSVAPRNT005;2006-11-30 00:00:00;DEFAULTROLEMAP;80;NO;9;S725925;SIM;NOVO
SINBM;BR;CBRSVAPRNT005;2017-04-03 00:00:00;DEFAULTROLEMAP;80;NO;9;S725925;SIM;VELHO
SINCH;BR;CBRSVAPRNT005;2016-03-02 00:00:00;DEFAULTROLEMAP;80;NO;9;S725925;SIM;NOVO
SINCV;BR;CBRSVAPRNT005;;DEFAULTROLEMAP;80;NO;9;S725925;SIM;VELHO
SINDA;BR;CBRSVAPRNT005;2018-09-27 00:00:00;DEFAULTROLEMAP;80;NO;9;S725925;SIM;NOVO
SINEB;BR;CBRSVAPRNT005;2016-09-28 00:00:00;DEFAULTROLEMAP;80;NO;9;S725925;SIM;NOVO
SINEC;BR;CBRSVAPRNT005;2010-08-11 00:00:00;DEFAULTROLEMAP;80;NO;9;S725925;SIM;NOVO
SINOV;BR;CBRSVAPRNT005;;;80;NO;6;S725925;SIM;NOVO
SIOPI;BR;CBRSVAPRNT005;2008-12-09 00:00:00;DEFAULTROLEMAP;80;NO;9;S725925;SIM;NOVO
SIOPI_MIG;BR;CBRSVAPRNT005;2008-12-24 00:00:00;DEFAULTROLEMAP;80;NO;9;S725925;SIM;NOVO
SIORM;BR;CBRSVAPRNT005;2011-06-02 00:00:00;DEFAULTROLEMAP;80;NO;9;S725925;SIM;NOVO
SIOSP;BR;CBRSVAPRNT005;2006-11-30 00:00:00;DEFAULTROLEMAP;80;NO;9;S725925;SIM;NOVO
SIOTR;BR;CBRSVAPRNT005;;DEFAULTROLEMAP;80;NO;9;S725925;SIM;NOVO
SIOUV;BR;CBRSVAPRNT005;2006-11-10 00:00:00;DEFAULTROLEMAP;80;NO;9;S725925;SIM;NOVO
SIPCS;BR;CBRSVAPRNT005;2009-08-26 00:00:00;DEFAULTROLEMAP;80;NO;9;S725925;SIM;NOVO
SIPDC;BR;CBRSVAPRNT005;2015-02-04 00:00:00;DEFAULTROLEMAP;80;NO;9;S725925;SIM;NOVO
SIPDH;BR;CBRSVAPRNT005;2018-06-12 00:00:00;DEFAULTROLEMAP;80;NO;9;S725925;SIM;NOVO
SIPEN;BR;CBRSVAPRNT005;2006-11-30 00:00:00;DEFAULTROLEMAP;80;NO;9;S725925;SIM;NOVO
SIPES;BR;CBRSVAPRNT005;2006-11-30 00:00:00;DEFAULTROLEMAP;80;NO;9;S725925;SIM;NOVO
SIPGC;BR;CBRSVAPRNT005;2014-03-10 00:00:00;DEFAULTROLEMAP;80;NO;9;S725925;SIM;NOVO
SIPGT;BR;CBRSVAPRNT005;2015-10-28 00:00:00;;80;NO;6;S725925;SIM;NOVO
SIPIC;BR;CBRSVAPRNT005;;;80;NO;6;S725925;SIM;NOVO
SIPID;BR;CBRSVAPRNT005;2012-08-21 00:00:00;DEFAULTROLEMAP;80;NO;9;S725925;SIM;NOVO
SIPLA;BR;CBRSVAPRNT005;2006-11-30 00:00:00;DEFAULTROLEMAP;80;NO;9;S725925;SIM;NOVO
SIPLD;BR;CBRSVAPRNT005;2008-12-23 00:00:00;DEFAULTROLEMAP;80;NO;9;S725925;SIM;NOVO
SIPLO;BR;CBRSVAPRNT005;2006-11-30 00:00:00;DEFAULTROLEMAP;80;NO;9;S725925;SIM;NOVO
SIPOP;BR;CBRSVAPRNT005;2017-06-06 00:00:00;DEFAULTROLEMAP;80;NO;9;S725925;SIM;VELHO
SIPPS;BR;CBRSVAPRNT005;;;80;NO;6;S725925;SIM;NOVO
SIPQV;BR;CBRSVAPRNT005;;;80;NO;6;S725925;SIM;NOVO
SIPRC;BR;CBRSVAPRNT005;2012-08-17 00:00:00;DEFAULTROLEMAP;80;NO;9;S725925;SIM;VELHO
SIPRG;BR;CBRSVAPRNT005;;DEFAULTROLEMAP;80;NO;9;S725925;SIM;NOVO
SIPSC;BR;CBRSVAPRNT005;2006-11-10 00:00:00;DEFAULTROLEMAP;80;NO;9;S725925;SIM;NOVO
SIPTI;BR;CBRSVAPRNT005;2012-10-18 00:00:00;DEFAULTROLEMAP;80;NO;9;S725925;SIM;NOVO
SIPTO;BR;CBRSVAPRNT005;2018-08-03 00:00:00;DEFAULTROLEMAP;80;NO;9;S725925;SIM;VELHO
SIPXS;BR;CBRSVAPRNT005;;DEFAULTROLEMAP;80;NO;9;S725925;SIM;NOVO
SIRCA;BR;CBRSVAPRNT005;2009-07-30 00:00:00;DEFAULTROLEMAP;80;NO;9;S725925;SIM;NOVO
SIRGC;BR;CBRSVAPRNT005;;;80;NO;6;S725925;SIM;NOVO
SIRIC;BR;CBRSVAPRNT005;2006-11-30 00:00:00;DEFAULTROLEMAP;80;NO;9;S725925;SIM;NOVO
SIRIM;BR;CBRSVAPRNT005;2006-11-30 00:00:00;DEFAULTROLEMAP;80;NO;9;S725925;SIM;NOVO
SIRIN;BR;CBRSVAPRNT005;;;80;NO;6;S725925;SIM;NOVO
SIRTA;BR;CBRSVAPRNT005;2017-09-13 00:00:00;DEFAULTROLEMAP;80;NO;9;S725925;SIM;NOVO
SIRTE;BR;CBRSVAPRNT005;2018-08-03 00:00:00;DEFAULTROLEMAP;80;NO;9;S725925;SIM;NOVO
SISAN;BR;CBRSVAPRNT005;;DEFAULTROLEMAP;80;NO;9;S725925;SIM;NOVO
SISAR;BR;CBRSVAPRNT005;2007-09-04 00:00:00;DEFAULTROLEMAP;80;NO;9;S725925;SIM;NOVO
SISDU;BR;CBRSVAPRNT005;2010-10-25 00:00:00;DEFAULTROLEMAP;80;NO;9;S725925;SIM;NOVO
SISFD;BR;CBRSVAPRNT005;;DEFAULTROLEMAP;80;NO;9;S725925;SIM;NOVO
SISFIN;BR;CBRSVAPRNT005;2007-11-21 00:00:00;DEFAULTROLEMAP;80;NO;9;S725925;SIM;NOVO
SISFIN_AS;BR;CBRSVAPRNT005;2010-02-19 00:00:00;DEFAULTROLEMAP;80;NO;9;S725925;SIM;NOVO
SISFIN_BV;BR;CBRSVAPRNT005;2010-04-26 00:00:00;DEFAULTROLEMAP;80;NO;9;S725925;SIM;NOVO
SISFIN_CB;BR;CBRSVAPRNT005;2010-04-26 00:00:00;DEFAULTROLEMAP;80;NO;9;S725925;SIM;NOVO
SISFIN_CE;BR;CBRSVAPRNT005;2010-02-19 00:00:00;DEFAULTROLEMAP;80;NO;9;S725925;SIM;NOVO
SISFIN_CO;BR;CBRSVAPRNT005;2010-02-19 00:00:00;DEFAULTROLEMAP;80;NO;9;S725925;SIM;NOVO
SISFIN_DB;BR;CBRSVAPRNT005;2010-04-26 00:00:00;DEFAULTROLEMAP;80;NO;9;S725925;SIM;NOVO
SISFIN_EB;BR;CBRSVAPRNT005;2010-02-19 00:00:00;;80;NO;6;S725925;SIM;NOVO
SISFIN_EM;BR;CBRSVAPRNT005;2010-04-26 00:00:00;DEFAULTROLEMAP;80;NO;9;S725925;SIM;NOVO
SISFIN_FC;BR;CBRSVAPRNT005;2010-02-19 00:00:00;;80;NO;6;S725925;SIM;NOVO
SISFIN_FIES;BR;CBRSVAPRNT005;2010-04-26 00:00:00;DEFAULTROLEMAP;80;NO;9;S725925;SIM;NOVO
SISFIN_FP;BR;CBRSVAPRNT005;2010-02-19 00:00:00;DEFAULTROLEMAP;80;NO;9;S725925;SIM;NOVO
SISFIN_GA;BR;CBRSVAPRNT005;2010-04-26 00:00:00;DEFAULTROLEMAP;80;NO;9;S725925;SIM;NOVO
SISFIN_GC;BR;CBRSVAPRNT005;2010-02-19 00:00:00;DEFAULTROLEMAP;80;NO;9;S725925;SIM;NOVO
SISFIN_GF;BR;CBRSVAPRNT005;2010-04-26 00:00:00;DEFAULTROLEMAP;80;NO;9;S725925;SIM;NOVO
SISFIN_IE;BR;CBRSVAPRNT005;2010-02-19 00:00:00;DEFAULTROLEMAP;80;NO;9;S725925;SIM;NOVO
SISFIN_LO;BR;CBRSVAPRNT005;2010-04-26 00:00:00;DEFAULTROLEMAP;80;NO;9;S725925;SIM;NOVO
SISFIN_PF;BR;CBRSVAPRNT005;2010-04-26 00:00:00;DEFAULTROLEMAP;80;NO;9;S725925;SIM;NOVO
SISFIN_PG;BR;CBRSVAPRNT005;2010-02-19 00:00:00;DEFAULTROLEMAP;80;NO;9;S725925;SIM;NOVO
SISFIN_PR;BR;CBRSVAPRNT005;2010-02-19 00:00:00;DEFAULTROLEMAP;80;NO;9;S725925;SIM;NOVO
SISFIN_PS;BR;CBRSVAPRNT005;2010-04-26 00:00:00;DEFAULTROLEMAP;80;NO;9;S725925;SIM;NOVO
SISFIN_RB;BR;CBRSVAPRNT005;2010-04-26 00:00:00;DEFAULTROLEMAP;80;NO;9;S725925;SIM;NOVO
SISFIN_RT;BR;CBRSVAPRNT005;2010-04-26 00:00:00;DEFAULTROLEMAP;80;NO;9;S725925;SIM;NOVO
SISFIN_TD;BR;CBRSVAPRNT005;2010-02-19 00:00:00;DEFAULTROLEMAP;80;NO;9;S725925;SIM;NOVO
SISFIN_VL;BR;CBRSVAPRNT005;2010-02-19 00:00:00;;80;NO;6;S725925;SIM;NOVO
SISFW;BR;CBRSVAPRNT005;2016-05-09 00:00:00;DEFAULTROLEMAP;80;NO;9;S725925;SIM;NOVO
SISGC;BR;CBRSVAPRNT005;;DEFAULTROLEMAP;80;NO;9;S725925;SIM;NOVO
SISGD;BR;CBRSVAPRNT005;2007-09-13 00:00:00;DEFAULTROLEMAP;80;NO;9;S725925;SIM;NOVO
SISGH;BR;CBRSVAPRNT005;;DEFAULTROLEMAP;80;NO;9;S725925;SIM;NOVO
SISIG;BR;CBRSVAPRNT005;;DEFAULTROLEMAP;80;NO;9;S725925;SIM;NOVO
SISMN;BR;CBRSVAPRNT005;2006-11-30 00:00:00;;80;NO;6;S725925;SIM;NOVO
SISMN_NORMAS;BR;CBRSVAPRNT005;;DEFAULTROLEMAP;80;NO;9;S725925;SIM;NOVO
SISOC;BR;CBRSVAPRNT005;2006-11-30 00:00:00;DEFAULTROLEMAP;80;NO;9;S725925;SIM;VELHO
SISOL;BR;CBRSVAPRNT005;2007-10-17 00:00:00;DEFAULTROLEMAP;80;NO;9;S725925;SIM;NOVO
SISOU;BR;CBRSVAPRNT005;;;80;NO;6;S725925;SIM;NOVO
SISPA;BR;CBRSVAPRNT005;2006-11-10 00:00:00;DEFAULTROLEMAP;80;NO;9;S725925;SIM;NOVO
SISPB;BR;CBRSVAPRNT005;2006-11-10 00:00:00;;80;NO;6;S725925;SIM;NOVO
SISPB_MONTED;BR;CBRSVAPRNT005;2010-03-03 00:00:00;DEFAULTROLEMAP;80;NO;9;S725925;SIM;NOVO
SISPI;BR;CBRSVAPRNT005;;;80;NO;6;S725925;SIM;NOVO
SISTA;BR;CBRSVAPRNT005;2016-05-09 00:00:00;;80;NO;6;S725925;SIM;NOVO
SITAH;BR;CBRSVAPRNT005;2006-11-30 00:00:00;DEFAULTROLEMAP;80;NO;9;S725925;SIM;NOVO
SITAH_CONVENIO;BR;CBRSVAPRNT005;2013-08-28 00:00:00;DEFAULTROLEMAP;80;NO;9;S725925;SIM;NOVO
SITAH_LEGADO;BR;CBRSVAPRNT005;2013-08-28 00:00:00;;80;NO;6;S725925;SIM;NOVO
SITAH_PMCMV;BR;CBRSVAPRNT005;2013-08-28 00:00:00;;80;NO;6;S725925;SIM;NOVO
SITEM;BR;CBRSVAPRNT005;2006-11-30 00:00:00;;80;NO;6;S725925;SIM;NOVO
SIVCC;BR;CBRSVAPRNT005;;;80;NO;6;S725925;SIM;VELHO
SIVEP;BR;CBRSVAPRNT005;2006-11-30 00:00:00;;80;NO;6;S725925;SIM;NOVO
SIVOC;BR;CBRSVAPRNT005;;DEFAULTROLEMAP;80;NO;9;S725925;SIM;NOVO
SIWEB;BR;CBRSVAPRNT005;2006-11-30 00:00:00;DEFAULTROLEMAP;80;NO;9;S725925;SIM;NOVO
SIWGE;BR;CBRSVAPRNT005;2006-11-30 00:00:00;DEFAULTROLEMAP;80;NO;9;S725925;SIM;NOVO
SIWIC;BR;CBRSVAPRNT005;2007-12-18 00:00:00;;80;NO;6;S725925;SIM;NOVO
SIWIC_ACAIXA;BR;CBRSVAPRNT005;2008-10-29 00:00:00;DEFAULTROLEMAP;80;NO;9;S725925;SIM;NOVO
SIWLO;BR;CBRSVAPRNT005;2006-11-30 00:00:00;;80;NO;6;S725925;SIM;VELHO
SIWPC;BR;CBRSVAPRNT005;2011-07-05 00:00:00;;80;NO;6;S725925;SIM;NOVO
SIGSR;BR;CBRSVAPRNT005;;DEFAULTROLEMAP;80;NO;9;S725925;SIM;NOVO
SIRIE;BR;CBRSVAPRNT005;2016-05-30 00:00:00;DEFAULTROLEMAP;80;NO;9;S725925;SIM;VELHO
SICRM;RJ;CADSVAPRNT009;;DEFAULTROLEMAP;80;NO;9;S726008;SIM;NOVO
SIGFA_ANTIGA;BR;CBRSVAPRNT005;;;80;NO;6;S725925;SIM;VELHO
SID55_ANTIGA;BR;CBRSVAPRNT005;2014-03-26 00:00:00;DEFAULTROLEMAP;80;NO;9;S725925;SIM;VELHO
EPROJRJ2;RJ;CADSVAPRNT009;2013-01-04 00:00:00;DEFAULTROLEMAP;80;NO;9;S726008;;VELHO
GRF_WEB;RJ;CADSVAPRNT009;2008-07-23 00:00:00;DEFAULTROLEMAP;80;NO;9;S726008;SIM;VELHO
GRFC;RJ;CADSVAPRNT009;2007-04-20 00:00:00;DEFAULTROLEMAP;80;NO;9;S726008;SIM;NOVO
GRRF;RJ;CADSVAPRNT009;2007-04-20 00:00:00;DEFAULTROLEMAP;80;NO;9;S726008;SIM;NOVO
GUIAS_QUALIDADE;RJ;CADSVAPRNT009;2010-01-05 00:00:00;DEFAULTROLEMAP;80;NO;9;S726008;;VELHO
PNAFM;RJ;CADSVAPRNT009;2007-07-04 00:00:00;DEFAULTROLEMAP;80;NO;9;S726008;SIM;VELHO
QUALIRJ;RJ;CADSVAPRNT009;2008-07-08 00:00:00;DEFAULTROLEMAP;80;NO;9;S726008;;VELHO
REFIP;RJ;CADSVAPRNT009;2007-04-10 00:00:00;DEFAULTROLEMAP;80;NO;9;S726008;SIM;VELHO
REMAG;RJ;CADSVAPRNT009;2007-04-20 00:00:00;DEFAULTROLEMAP;80;NO;9;S726008;SIM;VELHO
SEFIP;RJ;CADSVAPRNT009;2007-03-08 00:00:00;DEFAULTROLEMAP;80;NO;9;S726008;SIM;NOVO
SIADA;RJ;CADSVAPRNT009;2018-09-10 00:00:00;DEFAULTROLEMAP;80;NO;9;S726008;SIM;NOVO
SIADP;RJ;CADSVAPRNT009;2017-10-27 00:00:00;DEFAULTROLEMAP;80;NO;9;S726008;SIM;NOVO
SIADS;RJ;CADSVAPRNT009;2019-03-12 00:00:00;DEFAULTROLEMAP;80;NO;9;S726008;SIM;NOVO
SIAEP;RJ;CADSVAPRNT009;2018-05-18 00:00:00;DEFAULTROLEMAP;80;NO;9;S726008;SIM;NOVO
SIAES;RJ;CADSVAPRNT009;2018-06-14 00:00:00;DEFAULTROLEMAP;80;NO;9;S726008;SIM;NOVO
SIAFH;RJ;CADSVAPRNT009;2013-07-16 00:00:00;DEFAULTROLEMAP;80;NO;9;S726008;SIM;NOVO
SIAIA;RJ;CADSVAPRNT009;2018-12-14 00:00:00;DEFAULTROLEMAP;80;NO;9;S726008;SIM;NOVO
SIAMT;RJ;CADSVAPRNT009;2007-06-12 00:00:00;DEFAULTROLEMAP;80;NO;9;S726008;SIM;NOVO
SIANC;RJ;CADSVAPRNT009;2017-08-10 00:00:00;DEFAULTROLEMAP;80;NO;9;S726008;SIM;VELHO
SIAPF;RJ;CADSVAPRNT009;2007-06-21 00:00:00;DEFAULTROLEMAP;80;NO;9;S726008;SIM;NOVO
SIAPG;RJ;CADSVAPRNT009;2007-03-08 00:00:00;DEFAULTROLEMAP;80;NO;9;S726008;SIM;VELHO
SIAPG_OFF;RJ;CADSVAPRNT009;2007-12-10 00:00:00;DEFAULTROLEMAP;80;NO;9;S726008;SIM;VELHO
SIAPM;RJ;CADSVAPRNT009;2007-03-08 00:00:00;DEFAULTROLEMAP;80;NO;9;S726008;SIM;NOVO
SIAPO;RJ;CADSVAPRNT009;2020-07-24 00:00:00;DEFAULTROLEMAP;80;NO;9;S726008;SIM;NOVO
SIAPS;RJ;CADSVAPRNT009;2007-04-11 00:00:00;DEFAULTROLEMAP;80;NO;9;S726008;SIM;NOVO
SIAPT;RJ;CADSVAPRNT009;2017-03-27 00:00:00;DEFAULTROLEMAP;80;NO;9;S726008;SIM;NOVO
SIARF;RJ;CADSVAPRNT009;2007-04-25 00:00:00;DEFAULTROLEMAP;80;NO;9;S726008;SIM;VELHO
SIARQ;RJ;CADSVAPRNT009;2009-07-07 00:00:00;DEFAULTROLEMAP;80;NO;9;S726008;SIM;VELHO
SIASA;RJ;CADSVAPRNT009;2007-12-11 00:00:00;DEFAULTROLEMAP;80;NO;9;S726008;SIM;VELHO
SIAUF;RJ;CADSVAPRNT009;2007-12-11 00:00:00;DEFAULTROLEMAP;80;NO;9;S726008;SIM;VELHO
SIAVO;RJ;CADSVAPRNT009;;DEFAULTROLEMAP;80;NO;9;S726008;SIM;NOVO
SIB2B;RJ;CADSVAPRNT009;2018-01-10 00:00:00;DEFAULTROLEMAP;80;NO;9;S726008;SIM;NOVO
SIBEC;RJ;CADSVAPRNT009;2007-04-25 00:00:00;DEFAULTROLEMAP;80;NO;9;S726008;SIM;NOVO
SIBEC_BATCH;RJ;CADSVAPRNT009;2008-11-21 00:00:00;DEFAULTROLEMAP;80;NO;9;S726008;SIM;NOVO
SIBEC_NOVO;RJ;CADSVAPRNT009;2020-05-19 00:00:00;DEFAULTROLEMAP;80;NO;9;S726008;SIM;NOVO
SIBEN" (LOCKED;RJ;CADSVAPRNT009;2012-12-13 00:00:00;DEFAULTROLEMAP;80;NO;9;S726008;SIM;NOVO
SIBIS;RJ;CADSVAPRNT009;2016-02-03 00:00:00;DEFAULTROLEMAP;80;NO;9;S726008;SIM;VELHO
SIBNS;RJ;CADSVAPRNT009;2007-12-10 00:00:00;DEFAULTROLEMAP;80;NO;9;S726008;SIM;VELHO
SIBPF;RJ;CADSVAPRNT009;;DEFAULTROLEMAP;80;NO;9;S726008;SIM;NOVO
SIBPJ;RJ;CADSVAPRNT009;;DEFAULTROLEMAP;80;NO;9;S726008;SIM;NOVO
SIBRJ;RJ;CADSVAPRNT009;2015-02-25 00:00:00;DEFAULTROLEMAP;80;NO;9;S726008;SIM;NOVO
SICBS;RJ;CADSVAPRNT009;;DEFAULTROLEMAP;80;NO;9;S726008;SIM;VELHO
SICCS;RJ;CADSVAPRNT009;2018-11-14 00:00:00;DEFAULTROLEMAP;80;NO;9;S726008;SIM;NOVO
SICDA;RJ;CADSVAPRNT009;2018-12-14 00:00:00;DEFAULTROLEMAP;80;NO;9;S726008;SIM;NOVO
SICDM;RJ;CADSVAPRNT009;2008-08-28 00:00:00;DEFAULTROLEMAP;80;NO;9;S726008;SIM;NOVO
SICEL;RJ;CADSVAPRNT009;2008-01-02 00:00:00;DEFAULTROLEMAP;80;NO;9;S726008;SIM;NOVO
SICFA;RJ;CADSVAPRNT009;2008-02-14 00:00:00;DEFAULTROLEMAP;80;NO;9;S726008;SIM;VELHO
SICFD;RJ;CADSVAPRNT009;;DEFAULTROLEMAP;80;NO;9;S726008;SIM;NOVO
SICFM;RJ;CADSVAPRNT009;2007-06-20 00:00:00;DEFAULTROLEMAP;80;NO;9;S726008;SIM;NOVO
SICHC;RJ;CADSVAPRNT009;2017-07-13 00:00:00;DEFAULTROLEMAP;80;NO;9;S726008;SIM;NOVO
SICID;RJ;CADSVAPRNT009;2007-01-08 00:00:00;DEFAULTROLEMAP;80;NO;9;S726008;SIM;NOVO
SICID_SP;RJ;CADSVAPRNT009;2008-03-10 00:00:00;DEFAULTROLEMAP;80;NO;9;S726008;SIM;NOVO
SICIE;RJ;CADSVAPRNT009;2011-03-11 00:00:00;DEFAULTROLEMAP;80;NO;9;S726008;SIM;VELHO
SICIF;RJ;CADSVAPRNT009;2017-01-25 00:00:00;DEFAULTROLEMAP;80;NO;9;S726008;SIM;NOVO
SICIS;RJ;CADSVAPRNT009;2018-10-18 00:00:00;DEFAULTROLEMAP;80;NO;9;S726008;SIM;NOVO
SICLF;RJ;CADSVAPRNT009;2019-07-25 00:00:00;DEFAULTROLEMAP;80;NO;9;S726008;SIM;VELHO
SICLI;RJ;CADSVAPRNT009;2007-12-10 00:00:00;DEFAULTROLEMAP;80;NO;9;S726008;SIM;NOVO
SICLM;RJ;CADSVAPRNT009;2019-06-05 00:00:00;DEFAULTROLEMAP;80;NO;9;S726008;SIM;NOVO
SICMU;RJ;CADSVAPRNT009;2013-06-13 00:00:00;DEFAULTROLEMAP;80;NO;9;S726008;SIM;NOVO
SICNL;RJ;CADSVAPRNT009;2007-06-20 00:00:00;DEFAULTROLEMAP;80;NO;9;S726008;SIM;NOVO
SICNS_AR;RJ;CADSVAPRNT009;2007-06-20 00:00:00;DEFAULTROLEMAP;80;NO;9;S726008;SIM;NOVO
SICNS_ICP;RJ;CADSVAPRNT009;2011-07-19 00:00:00;DEFAULTROLEMAP;80;NO;9;S726008;SIM;NOVO
SICNX;RJ;CADSVAPRNT009;2007-03-08 00:00:00;DEFAULTROLEMAP;80;NO;9;S726008;SIM;NOVO
SICOM;RJ;CADSVAPRNT009;2008-01-04 00:00:00;DEFAULTROLEMAP;80;NO;9;S726008;SIM;NOVO
SICOP;RJ;CADSVAPRNT009;2007-06-11 00:00:00;DEFAULTROLEMAP;80;NO;9;S726008;SIM;NOVO
SICOX;RJ;CADSVAPRNT009;2018-08-07 00:00:00;DEFAULTROLEMAP;80;NO;9;S726008;SIM;NOVO
SICPC;RJ;CADSVAPRNT009;2013-03-20 00:00:00;DEFAULTROLEMAP;80;NO;9;S726008;SIM;NOVO
SICPF;RJ;CADSVAPRNT009;2007-03-13 00:00:00;DEFAULTROLEMAP;80;NO;9;S726008;SIM;NOVO
SICPU;RJ;CADSVAPRNT009;2017-03-27 00:00:00;DEFAULTROLEMAP;80;NO;9;S726008;SIM;NOVO
SICRB;RJ;CADSVAPRNT009;2012-05-25 00:00:00;DEFAULTROLEMAP;80;NO;9;S726008;SIM;NOVO
SICRF;RJ;CADSVAPRNT009;2007-05-18 00:00:00;DEFAULTROLEMAP;80;NO;9;S726008;SIM;NOVO
SICRH;RJ;CADSVAPRNT009;2008-08-28 00:00:00;DEFAULTROLEMAP;80;NO;9;S726008;SIM;NOVO
SICSD;RJ;CADSVAPRNT009;2020-04-08 00:00:00;DEFAULTROLEMAP;80;NO;9;S726008;SIM;NOVO
SICSE;RJ;CADSVAPRNT009;2007-04-17 00:00:00;DEFAULTROLEMAP;80;NO;9;S726008;SIM;VELHO
SICSF;RJ;CADSVAPRNT009;2007-12-10 00:00:00;DEFAULTROLEMAP;80;NO;9;S726008;SIM;VELHO
SICSI;RJ;CADSVAPRNT009;2007-12-11 00:00:00;DEFAULTROLEMAP;80;NO;9;S726008;SIM;VELHO
SICTF;RJ;CADSVAPRNT009;2020-09-16 00:00:00;DEFAULTROLEMAP;80;NO;9;S726008;SIM;NOVO
SICTR;RJ;CADSVAPRNT009;2009-08-05 00:00:00;DEFAULTROLEMAP;80;NO;9;S726008;SIM;NOVO
SICVC;RJ;CADSVAPRNT009;2017-03-28 00:00:00;DEFAULTROLEMAP;80;NO;9;S726008;SIM;NOVO
SICVS;RJ;CADSVAPRNT009;2008-08-28 00:00:00;DEFAULTROLEMAP;80;NO;9;S726008;SIM;NOVO
SIDAS;RJ;CADSVAPRNT009;2015-08-20 00:00:00;DEFAULTROLEMAP;80;NO;9;S726008;SIM;NOVO
SIDAT;RJ;CADSVAPRNT009;2007-06-12 00:00:00;DEFAULTROLEMAP;80;NO;9;S726008;SIM;NOVO
SIDCA;RJ;CADSVAPRNT009;;DEFAULTROLEMAP;80;NO;9;S726008;SIM;NOVO
SIDER;RJ;CADSVAPRNT009;2007-04-20 00:00:00;DEFAULTROLEMAP;80;NO;9;S726008;SIM;VELHO
SIDJV;RJ;CADSVAPRNT009;2014-06-04 00:00:00;DEFAULTROLEMAP;80;NO;9;S726008;SIM;NOVO
SIDMP;RJ;CADSVAPRNT009;2020-07-24 00:00:00;DEFAULTROLEMAP;80;NO;9;S726008;SIM;NOVO
SIDPJ;RJ;CADSVAPRNT009;;DEFAULTROLEMAP;80;NO;9;S726008;SIM;VELHO
SIDPN;RJ;CADSVAPRNT009;;DEFAULTROLEMAP;80;NO;9;S726008;SIM;NOVO
SIDRE;RJ;CADSVAPRNT009;2020-07-24 00:00:00;DEFAULTROLEMAP;80;NO;9;S726008;SIM;NOVO
SIDRJ;RJ;CADSVAPRNT009;2007-04-11 00:00:00;DEFAULTROLEMAP;80;NO;9;S726008;SIM;NOVO
SIDTF;RJ;CADSVAPRNT009;2007-12-11 00:00:00;DEFAULTROLEMAP;80;NO;9;S726008;SIM;VELHO
SIEDT;RJ;CADSVAPRNT009;2007-06-11 00:00:00;DEFAULTROLEMAP;80;NO;9;S726008;SIM;NOVO
SIEGH;RJ;CADSVAPRNT009;2007-06-12 00:00:00;DEFAULTROLEMAP;80;NO;9;S726008;SIM;NOVO
SIENC;RJ;CADSVAPRNT009;2017-05-10 00:00:00;DEFAULTROLEMAP;80;NO;9;S726008;SIM;NOVO
SIEXT;RJ;CADSVAPRNT009;2008-02-27 00:00:00;DEFAULTROLEMAP;80;NO;9;S726008;SIM;NOVO
SIFAG;RJ;CADSVAPRNT009;2015-06-11 00:00:00;DEFAULTROLEMAP;80;NO;9;S726008;SIM;NOVO
SIFAM;RJ;CADSVAPRNT009;2017-02-13 00:00:00;DEFAULTROLEMAP;80;NO;9;S726008;SIM;NOVO
SIFAP;RJ;CADSVAPRNT009;2008-03-27 00:00:00;DEFAULTROLEMAP;80;NO;9;S726008;SIM;VELHO
SIFCF;RJ;CADSVAPRNT009;2007-12-18 00:00:00;DEFAULTROLEMAP;80;NO;9;S726008;SIM;VELHO
SIFCG;RJ;CADSVAPRNT009;2012-07-31 00:00:00;DEFAULTROLEMAP;80;NO;9;S726008;SIM;NOVO
SIFCV;RJ;CADSVAPRNT009;2008-02-20 00:00:00;DEFAULTROLEMAP;80;NO;9;S726008;SIM;NOVO
SIFDS;RJ;CADSVAPRNT009;2011-03-01 00:00:00;DEFAULTROLEMAP;80;NO;9;S726008;SIM;VELHO
SIFEP;RJ;CADSVAPRNT009;2019-07-25 00:00:00;DEFAULTROLEMAP;80;NO;9;S726008;SIM;NOVO
SIFGC;RJ;CADSVAPRNT009;;DEFAULTROLEMAP;80;NO;9;S726008;SIM;NOVO
SIFGD;RJ;CADSVAPRNT009;;DEFAULTROLEMAP;80;NO;9;S726008;SIM;NOVO
SIFGE;RJ;CADSVAPRNT009;2007-03-08 00:00:00;DEFAULTROLEMAP;80;NO;9;S726008;SIM;NOVO
SIFGG;RJ;CADSVAPRNT009;;DEFAULTROLEMAP;80;NO;9;S726008;SIM;NOVO
SIFGS;RJ;CADSVAPRNT009;2007-12-11 00:00:00;DEFAULTROLEMAP;80;NO;9;S726008;SIM;NOVO
SIFGS_SP;RJ;CADSVAPRNT009;2008-03-10 00:00:00;DEFAULTROLEMAP;80;NO;9;S726008;SIM;NOVO
SIFGU;RJ;CADSVAPRNT009;2007-12-11 00:00:00;DEFAULTROLEMAP;80;NO;9;S726008;SIM;NOVO
SIFIG;RJ;CADSVAPRNT009;2017-01-26 00:00:00;DEFAULTROLEMAP;80;NO;9;S726008;SIM;NOVO
SIFPM;RJ;CADSVAPRNT009;2007-12-19 00:00:00;DEFAULTROLEMAP;80;NO;9;S726008;SIM;NOVO
SIFPP;RJ;CADSVAPRNT009;2018-10-31 00:00:00;DEFAULTROLEMAP;80;NO;9;S726008;SIM;NOVO
SIFSA;RJ;CADSVAPRNT009;2014-03-14 00:00:00;DEFAULTROLEMAP;80;NO;9;S726008;SIM;NOVO
SIFUG;RJ;CADSVAPRNT009;2011-09-14 00:00:00;DEFAULTROLEMAP;80;NO;9;S726008;SIM;NOVO
SIGAF;RJ;CADSVAPRNT009;2007-12-11 00:00:00;DEFAULTROLEMAP;80;NO;9;S726008;SIM;NOVO
SIGBC;RJ;CADSVAPRNT009;2007-11-19 00:00:00;DEFAULTROLEMAP;80;NO;9;S726008;SIM;NOVO
SIGBF;RJ;CADSVAPRNT009;2016-08-01 00:00:00;DEFAULTROLEMAP;80;NO;9;S726008;SIM;NOVO
SIGDU;RJ;CADSVAPRNT009;2010-01-07 00:00:00;DEFAULTROLEMAP;80;NO;9;S726008;SIM;NOVO
SIGEP;RJ;CADSVAPRNT009;2007-04-10 00:00:00;DEFAULTROLEMAP;80;NO;9;S726008;SIM;NOVO
SIGFC;RJ;CADSVAPRNT009;2007-11-19 00:00:00;DEFAULTROLEMAP;80;NO;9;S726008;SIM;NOVO
SIGGS;RJ;CADSVAPRNT009;2014-12-01 00:00:00;DEFAULTROLEMAP;80;NO;9;S726008;SIM;NOVO
SIGHA;RJ;CADSVAPRNT009;2010-09-28 00:00:00;DEFAULTROLEMAP;80;NO;9;S726008;SIM;NOVO
SIGIC;RJ;CADSVAPRNT009;2018-01-10 00:00:00;DEFAULTROLEMAP;80;NO;9;S726008;SIM;NOVO
SIGIS;RJ;CADSVAPRNT009;2014-06-04 00:00:00;DEFAULTROLEMAP;80;NO;9;S726008;SIM;VELHO
SIGOP;RJ;CADSVAPRNT009;2008-03-11 00:00:00;DEFAULTROLEMAP;80;NO;9;S726008;SIM;VELHO
SIGPM;RJ;CADSVAPRNT009;2018-03-15 00:00:00;DEFAULTROLEMAP;80;NO;9;S726008;SIM;NOVO
SIGQI;RJ;CADSVAPRNT009;2017-02-23 00:00:00;DEFAULTROLEMAP;80;NO;9;S726008;SIM;NOVO
SIGRS;RJ;CADSVAPRNT009;2008-02-21 00:00:00;DEFAULTROLEMAP;80;NO;9;S726008;SIM;VELHO
SIGST;RJ;CADSVAPRNT009;2007-05-18 00:00:00;DEFAULTROLEMAP;80;NO;9;S726008;SIM;NOVO
SIGTF;RJ;CADSVAPRNT009;2008-04-29 00:00:00;DEFAULTROLEMAP;80;NO;9;S726008;SIM;VELHO
SIGTX;RJ;CADSVAPRNT009;2014-08-13 00:00:00;DEFAULTROLEMAP;80;NO;9;S726008;SIM;VELHO
SIIBS;RJ;CADSVAPRNT009;2014-06-04 00:00:00;DEFAULTROLEMAP;80;NO;9;S726008;SIM;NOVO
SIICE;RJ;CADSVAPRNT009;2014-02-20 00:00:00;DEFAULTROLEMAP;80;NO;9;S726008;SIM;NOVO
SIICO;RJ;CADSVAPRNT009;2007-06-11 00:00:00;DEFAULTROLEMAP;80;NO;9;S726008;SIM;NOVO
SIICP;RJ;CADSVAPRNT009;2007-06-20 00:00:00;DEFAULTROLEMAP;80;NO;9;S726008;SIM;NOVO
SIIDF;RJ;CADSVAPRNT009;2014-05-22 00:00:00;DEFAULTROLEMAP;80;NO;9;S726008;SIM;VELHO
SIIDX;RJ;CADSVAPRNT009;2020-08-03 00:00:00;DEFAULTROLEMAP;80;NO;9;S726008;SIM;NOVO
SIIES;RJ;CADSVAPRNT009;2017-01-26 00:00:00;DEFAULTROLEMAP;80;NO;9;S726008;SIM;NOVO
SIIFG;RJ;CADSVAPRNT009;2015-01-29 00:00:00;DEFAULTROLEMAP;80;NO;9;S726008;SIM;NOVO
SIIGF;RJ;CADSVAPRNT009;2018-09-10 00:00:00;DEFAULTROLEMAP;80;NO;9;S726008;SIM;NOVO
SIIND;RJ;CADSVAPRNT009;2007-05-18 00:00:00;DEFAULTROLEMAP;80;NO;9;S726008;SIM;NOVO
SIIOF;RJ;CADSVAPRNT009;2007-07-17 00:00:00;DEFAULTROLEMAP;80;NO;9;S726008;SIM;VELHO
SIIPV;RJ;CADSVAPRNT009;2018-10-10 00:00:00;DEFAULTROLEMAP;80;NO;9;S726008;SIM;NOVO
SIISC;RJ;CADSVAPRNT009;2015-10-16 00:00:00;DEFAULTROLEMAP;80;NO;9;S726008;SIM;VELHO
SIISO_SPI;RJ;CADSVAPRNT009;2009-03-11 00:00:00;DEFAULTROLEMAP;80;NO;9;S726008;SIM;NOVO
SIISP;RJ;CADSVAPRNT009;2018-10-31 00:00:00;DEFAULTROLEMAP;80;NO;9;S726008;SIM;NOVO
SIITA;RJ;CADSVAPRNT009;2017-03-16 00:00:00;DEFAULTROLEMAP;80;NO;9;S726008;SIM;NOVO
SIITG;RJ;CADSVAPRNT009;2007-12-19 00:00:00;DEFAULTROLEMAP;80;NO;9;S726008;SIM;NOVO
SIITO;RJ;CADSVAPRNT009;2019-07-25 00:00:00;DEFAULTROLEMAP;80;NO;9;S726008;SIM;VELHO
SIJCL;RJ;CADSVAPRNT009;2018-03-15 00:00:00;DEFAULTROLEMAP;80;NO;9;S726008;SIM;NOVO
SIKPJ;RJ;CADSVAPRNT009;2007-06-11 00:00:00;DEFAULTROLEMAP;80;NO;9;S726008;SIM;VELHO
SILAB;RJ;CADSVAPRNT009;2016-10-26 00:00:00;DEFAULTROLEMAP;80;NO;9;S726008;SIM;NOVO
SILRC;RJ;CADSVAPRNT009;2015-11-23 00:00:00;DEFAULTROLEMAP;80;NO;9;S726008;SIM;VELHO
SIMCF;RJ;CADSVAPRNT009;2007-04-10 00:00:00;DEFAULTROLEMAP;80;NO;9;S726008;SIM;NOVO
SIMDP;RJ;CADSVAPRNT009;2007-03-08 00:00:00;DEFAULTROLEMAP;80;NO;9;S726008;SIM;NOVO
SIMEI;RJ;CADSVAPRNT009;2011-11-17 00:00:00;DEFAULTROLEMAP;80;NO;9;S726008;SIM;VELHO
SIMMA;RJ;CADSVAPRNT009;2017-02-02 00:00:00;DEFAULTROLEMAP;80;NO;9;S726008;SIM;NOVO
SIMRC;RJ;CADSVAPRNT009;2017-04-06 00:00:00;DEFAULTROLEMAP;80;NO;9;S726008;SIM;VELHO
SINAJ;RJ;CADSVAPRNT009;2013-12-17 00:00:00;DEFAULTROLEMAP;80;NO;9;S726008;SIM;VELHO
SINAPI;RJ;CADSVAPRNT009;2012-03-07 00:00:00;DEFAULTROLEMAP;80;NO;9;S726008;SIM;VELHO
SINCE;RJ;CADSVAPRNT009;2007-12-18 00:00:00;DEFAULTROLEMAP;80;NO;9;S726008;SIM;NOVO
SINFS;RJ;CADSVAPRNT009;2011-07-18 00:00:00;DEFAULTROLEMAP;80;NO;9;S726008;SIM;NOVO
SINOT;RJ;CADSVAPRNT009;2007-05-18 00:00:00;DEFAULTROLEMAP;80;NO;9;S726008;SIM;NOVO
SIOBA;RJ;CADSVAPRNT009;;DEFAULTROLEMAP;80;NO;9;S726008;SIM;NOVO
SIOBR;RJ;CADSVAPRNT009;2017-03-30 00:00:00;DEFAULTROLEMAP;80;NO;9;S726008;SIM;NOVO
SIOCG;RJ;CADSVAPRNT009;;DEFAULTROLEMAP;80;NO;9;S726008;SIM;NOVO
SIOFG;RJ;CADSVAPRNT009;2020-05-28 00:00:00;DEFAULTROLEMAP;80;NO;9;S726008;SIM;NOVO
SIOGP;RJ;CADSVAPRNT009;2016-03-28 00:00:00;DEFAULTROLEMAP;80;NO;9;S726008;SIM;NOVO
SIOGU;RJ;CADSVAPRNT009;2008-04-29 00:00:00;DEFAULTROLEMAP;80;NO;9;S726008;SIM;VELHO
SIOPF;RJ;CADSVAPRNT009;2007-04-10 00:00:00;DEFAULTROLEMAP;80;NO;9;S726008;SIM;NOVO
SIOPM;RJ;CADSVAPRNT009;;DEFAULTROLEMAP;80;NO;9;S726008;SIM;NOVO
SIPAB;RJ;CADSVAPRNT009;2007-04-11 00:00:00;DEFAULTROLEMAP;80;NO;9;S726008;SIM;NOVO
SIPAB_GESTAO;RJ;CADSVAPRNT009;2008-09-22 00:00:00;DEFAULTROLEMAP;80;NO;9;S726008;SIM;NOVO
SIPAB_JUDIC;RJ;CADSVAPRNT009;2008-09-24 00:00:00;DEFAULTROLEMAP;80;NO;9;S726008;SIM;NOVO
SIPAB_PARAM;RJ;CADSVAPRNT009;2008-09-24 00:00:00;DEFAULTROLEMAP;80;NO;9;S726008;SIM;NOVO
SIPAC;RJ;CADSVAPRNT009;2008-01-03 00:00:00;DEFAULTROLEMAP;80;NO;9;S726008;SIM;NOVO
SIPAR;RJ;CADSVAPRNT009;2007-06-12 00:00:00;DEFAULTROLEMAP;80;NO;9;S726008;SIM;NOVO
SIPAS_RJ;RJ;CADSVAPRNT009;2007-04-25 00:00:00;DEFAULTROLEMAP;80;NO;9;S726008;SIM;NOVO
SIPAS_SP;RJ;CADSVAPRNT009;2008-03-10 00:00:00;DEFAULTROLEMAP;80;NO;9;S726008;SIM;NOVO
SIPBF;RJ;CADSVAPRNT009;2020-09-18 00:00:00;DEFAULTROLEMAP;80;NO;9;S726008;SIM;NOVO
SIPBS;RJ;CADSVAPRNT009;2015-10-07 00:00:00;DEFAULTROLEMAP;80;NO;9;S726008;SIM;NOVO
SIPCA;RJ;CADSVAPRNT009;2017-11-07 00:00:00;DEFAULTROLEMAP;80;NO;9;S726008;SIM;NOVO
SIPCI;RJ;CADSVAPRNT009;2007-06-11 00:00:00;DEFAULTROLEMAP;80;NO;9;S726008;SIM;NOVO
SIPCT;RJ;CADSVAPRNT009;2008-02-14 00:00:00;DEFAULTROLEMAP;80;NO;9;S726008;SIM;NOVO
SIPEF;RJ;CADSVAPRNT009;2007-04-10 00:00:00;DEFAULTROLEMAP;80;NO;9;S726008;SIM;NOVO
SIPET;RJ;CADSVAPRNT009;2007-05-23 00:00:00;DEFAULTROLEMAP;80;NO;9;S726008;SIM;VELHO
SIPET_DTM;RJ;CADSVAPRNT009;2009-03-24 00:00:00;DEFAULTROLEMAP;80;NO;9;S726008;SIM;VELHO
SIPET_OFF;RJ;CADSVAPRNT009;2007-12-11 00:00:00;DEFAULTROLEMAP;80;NO;9;S726008;SIM;VELHO
SIPGO;RJ;CADSVAPRNT009;2018-05-28 00:00:00;DEFAULTROLEMAP;80;NO;9;S726008;SIM;NOVO
SIPIE;RJ;CADSVAPRNT009;2007-12-06 00:00:00;DEFAULTROLEMAP;80;NO;9;S726008;SIM;VELHO
SIPIS_SP;RJ;CADSVAPRNT009;2008-03-10 00:00:00;DEFAULTROLEMAP;80;NO;9;S726008;SIM;NOVO
SIPOG;RJ;CADSVAPRNT009;2019-11-25 00:00:00;DEFAULTROLEMAP;80;NO;9;S726008;SIM;NOVO
SIPOR;RJ;CADSVAPRNT009;2013-07-12 00:00:00;DEFAULTROLEMAP;80;NO;9;S726008;SIM;VELHO
SIPRE;RJ;CADSVAPRNT009;2007-04-11 00:00:00;DEFAULTROLEMAP;80;NO;9;S726008;SIM;NOVO
SIPTS;RJ;CADSVAPRNT009;2010-12-31 00:00:00;DEFAULTROLEMAP;80;NO;9;S726008;SIM;VELHO
SIQCC;RJ;CADSVAPRNT009;2008-04-29 00:00:00;DEFAULTROLEMAP;80;NO;9;S726008;SIM;VELHO
SIQOD;RJ;CADSVAPRNT009;;DEFAULTROLEMAP;80;NO;9;S726008;SIM;VELHO
SIRAE;RJ;CADSVAPRNT009;2018-05-02 00:00:00;DEFAULTROLEMAP;80;NO;9;S726008;SIM;NOVO
SIRBI;RJ;CADSVAPRNT009;2007-04-10 00:00:00;DEFAULTROLEMAP;80;NO;9;S726008;SIM;VELHO
SIREP;RJ;CADSVAPRNT009;2015-08-10 00:00:00;DEFAULTROLEMAP;80;NO;9;S726008;SIM;NOVO
SIRMO;RJ;CADSVAPRNT009;2017-03-09 00:00:00;DEFAULTROLEMAP;80;NO;9;S726008;SIM;NOVO
SIRPI;RJ;CADSVAPRNT009;2007-06-21 00:00:00;DEFAULTROLEMAP;80;NO;9;S726008;SIM;VELHO
SIRPL;RJ;CADSVAPRNT009;2017-11-23 00:00:00;DEFAULTROLEMAP;80;NO;9;S726008;SIM;NOVO
SISAD;RJ;CADSVAPRNT009;2014-10-16 00:00:00;DEFAULTROLEMAP;80;NO;9;S726008;SIM;NOVO
SISAP;RJ;CADSVAPRNT009;2017-10-05 00:00:00;DEFAULTROLEMAP;80;NO;9;S726008;SIM;NOVO
SISCP;RJ;CADSVAPRNT009;2008-01-17 00:00:00;DEFAULTROLEMAP;80;NO;9;S726008;SIM;NOVO
SISDC;RJ;CADSVAPRNT009;;DEFAULTROLEMAP;80;NO;9;S726008;SIM;NOVO
SISDD;RJ;CADSVAPRNT009;2007-08-16 00:00:00;DEFAULTROLEMAP;80;NO;9;S726008;SIM;VELHO
SISDD_WEB;RJ;CADSVAPRNT009;2008-03-03 00:00:00;DEFAULTROLEMAP;80;NO;9;S726008;SIM;VELHO
SISDE_RJ;RJ;CADSVAPRNT009;2007-04-10 00:00:00;DEFAULTROLEMAP;80;NO;9;S726008;SIM;NOVO
SISDE_SP;RJ;CADSVAPRNT009;2008-03-10 00:00:00;DEFAULTROLEMAP;80;NO;9;S726008;SIM;NOVO
SISED;RJ;CADSVAPRNT009;2007-04-10 00:00:00;DEFAULTROLEMAP;80;NO;9;S726008;SIM;VELHO
SISEE;RJ;CADSVAPRNT009;2016-11-01 00:00:00;DEFAULTROLEMAP;80;NO;9;S726008;SIM;VELHO
SISEH;RJ;CADSVAPRNT009;2008-02-14 00:00:00;DEFAULTROLEMAP;80;NO;9;S726008;SIM;VELHO
SISEM;RJ;CADSVAPRNT009;2007-12-11 00:00:00;DEFAULTROLEMAP;80;NO;9;S726008;SIM;NOVO
SISFG;RJ;CADSVAPRNT009;2007-04-10 00:00:00;DEFAULTROLEMAP;80;NO;9;S726008;SIM;NOVO
SISGF;RJ;CADSVAPRNT009;2020-07-24 00:00:00;DEFAULTROLEMAP;80;NO;9;S726008;SIM;NOVO
SISGR;RJ;CADSVAPRNT009;2007-06-20 00:00:00;DEFAULTROLEMAP;80;NO;9;S726008;SIM;NOVO
SISIT;RJ;CADSVAPRNT009;2017-02-06 00:00:00;DEFAULTROLEMAP;80;NO;9;S726008;SIM;NOVO
SISMP;RJ;CADSVAPRNT009;2014-03-18 00:00:00;DEFAULTROLEMAP;80;NO;9;S726008;SIM;NOVO
SISND;RJ;CADSVAPRNT009;2012-10-01 00:00:00;DEFAULTROLEMAP;80;NO;9;S726008;SIM;VELHO
SISNP;RJ;CADSVAPRNT009;2007-06-11 00:00:00;DEFAULTROLEMAP;80;NO;9;S726008;SIM;NOVO
SISRP;RJ;CADSVAPRNT009;2007-04-17 00:00:00;DEFAULTROLEMAP;80;NO;9;S726008;SIM;VELHO
SISSG;RJ;CADSVAPRNT009;2008-01-17 00:00:00;DEFAULTROLEMAP;80;NO;9;S726008;SIM;NOVO
SISUR;RJ;CADSVAPRNT009;2018-08-16 00:00:00;DEFAULTROLEMAP;80;NO;9;S726008;SIM;NOVO
SISVC;RJ;CADSVAPRNT009;2017-01-31 00:00:00;DEFAULTROLEMAP;80;NO;9;S726008;SIM;NOVO
SITCI;RJ;CADSVAPRNT009;2019-07-25 00:00:00;DEFAULTROLEMAP;80;NO;9;S726008;SIM;NOVO
SITJB;RJ;CADSVAPRNT009;2018-06-27 00:00:00;DEFAULTROLEMAP;80;NO;9;S726008;SIM;NOVO
SITKN;RJ;CADSVAPRNT009;2018-03-02 00:00:00;DEFAULTROLEMAP;80;NO;9;S726008;SIM;NOVO
SITOP;RJ;CADSVAPRNT009;2018-05-04 00:00:00;DEFAULTROLEMAP;80;NO;9;S726008;SIM;NOVO
SITRF;RJ;CADSVAPRNT009;2007-08-09 00:00:00;DEFAULTROLEMAP;80;NO;9;S726008;SIM;NOVO
SITRJ;RJ;CADSVAPRNT009;2012-04-03 00:00:00;DEFAULTROLEMAP;80;NO;9;S726008;SIM;VELHO
SITRP;RJ;CADSVAPRNT009;2007-12-12 00:00:00;DEFAULTROLEMAP;80;NO;9;S726008;SIM;VELHO
SIUCP;RJ;CADSVAPRNT009;2008-01-17 00:00:00;DEFAULTROLEMAP;80;NO;9;S726008;SIM;VELHO
SIUMP;RJ;CADSVAPRNT009;2007-12-11 00:00:00;DEFAULTROLEMAP;80;NO;9;S726008;SIM;NOVO
SIURB;RJ;CADSVAPRNT009;2007-06-20 00:00:00;DEFAULTROLEMAP;80;NO;9;S726008;SIM;NOVO
SIWEG;RJ;CADSVAPRNT009;2013-10-29 00:00:00;DEFAULTROLEMAP;80;NO;9;S726008;SIM;VELHO
SIWFC;RJ;CADSVAPRNT009;2016-05-31 00:00:00;DEFAULTROLEMAP;80;NO;9;S726008;SIM;NOVO
SIWPS;RJ;CADSVAPRNT009;2013-06-19 00:00:00;DEFAULTROLEMAP;80;NO;9;S726008;SIM;NOVO
SUAAC;RJ;CADSVAPRNT009;2009-09-03 00:00:00;DEFAULTROLEMAP;80;NO;9;S726008;SIM;VELHO
SUACV;RJ;CADSVAPRNT009;2013-09-06 00:00:00;DEFAULTROLEMAP;80;NO;9;S726008;SIM;VELHO
SUATC;RJ;CADSVAPRNT009;2009-09-03 00:00:00;DEFAULTROLEMAP;80;NO;9;S726008;SIM;VELHO
